fixed.acidity,volatile.acidity,citric.acid,residual.sugar,chlorides,free.sulfur.dioxide,total.sulfur.dioxide,density,pH,sulphates,alcohol,quality,is_red,.pred_class,selected_model,predicted_quality
7.5,0.58,0.14,2.2,0.077,27,60,0.9963,3.28,0.59,9.8,5,1,5,xgboost,5
6.4,0.3,0.27,4.4,0.055,17,135,0.9925,3.23,0.44,12.2,6,0,6,xgboost,6
7.2,0.3,0.26,1.5,0.041,46,178,0.99154,3.19,0.56,11.3,6,0,6,xgboost,6
6,0.29,0.21,1.3,0.055,42,168,0.9914,3.32,0.43,11.1,6,0,6,xgboost,6
6.6,0.78,0.5,1.5,0.045,30,133,0.99104,3.25,0.48,11.7,5,0,6,xgboost,6
7.2,0.17,0.34,6.4,0.042,16,111,0.99278,2.99,0.4,10.8,6,0,6,xgboost,6
5.1,0.35,0.26,6.8,0.034,36,120,0.99188,3.38,0.4,11.5,6,0,6,xgboost,6
6.8,0.25,0.27,10.7,0.076,47,154,0.9967,3.05,0.38,9,5,0,6,xgboost,6
8.1,0.72,0.09,2.8,0.084,18,49,0.9994,3.43,0.72,11.1,6,1,6,xgboost,6
6.8,0.69,0,5.6,0.124,21,58,0.9997,3.46,0.72,10.2,5,1,5,xgboost,5
5.8,0.13,0.26,5.1,0.039,19,103,0.99478,3.36,0.47,9.3,6,0,5,xgboost,5
6,0.23,0.15,9.7,0.048,101,207,0.99571,3.05,0.3,9.1,5,0,6,xgboost,6
7.2,0.26,0.44,7.1,0.027,25,126,0.993,3.02,0.34,11.1,8,0,6,xgboost,6
4.4,0.54,0.09,5.1,0.038,52,97,0.99022,3.41,0.4,12.2,7,0,6,xgboost,6
7.4,0.38,0.27,7.5,0.041,24,160,0.99535,3.17,0.43,10,5,0,6,xgboost,6
8.1,0.545,0.18,1.9,0.08,13,35,0.9972,3.3,0.59,9,6,1,6,xgboost,6
6.1,0.28,0.24,19.95,0.074,32,174,0.99922,3.19,0.44,9.3,6,0,6,xgboost,6
6.5,0.21,0.51,17.6,0.045,34,125,0.99966,3.2,0.47,8.8,6,0,6,xgboost,6
8.9,0.12,0.45,1.8,0.075,10,21,0.99552,3.41,0.76,11.9,7,1,7,xgboost,7
6.1,0.53,0.08,1.9,0.077,24,45,0.99528,3.6,0.68,10.3,6,1,6,xgboost,6
6.7,0.22,0.39,1.2,0.049,26,152,0.99346,3.5,0.47,10,6,0,6,xgboost,6
7.5,0.27,0.31,5.8,0.057,131,313,0.9946,3.18,0.59,10.5,5,0,6,xgboost,6
6.2,0.7,0.15,5.1,0.076,13,27,0.99622,3.54,0.6,11.9,6,1,5,xgboost,5
8.3,0.23,0.3,2.1,0.049,21,153,0.9953,3.09,0.5,9.6,6,0,6,xgboost,6
6.7,0.22,0.33,1.2,0.036,36,86,0.99058,3.1,0.76,11.4,6,0,6,xgboost,6
8.1,0.31,0.24,1.6,0.032,10,67,0.9924,3.08,0.47,10.5,5,0,5,xgboost,5
6.8,0.28,0.37,7,0.057,35,208,0.9973,3.57,0.55,10.2,5,0,6,xgboost,6
6.6,0.56,0.22,8.9,0.034,27,133,0.99675,3.2,0.51,9.1,5,0,5,xgboost,5
7.6,0.32,0.36,1.6,0.04,32,155,0.993,3.23,0.52,11.3,6,0,6,xgboost,6
9.1,0.47,0.49,2.6,0.094,38,106,0.9982,3.08,0.59,9.1,5,1,5,xgboost,5
8,0.22,0.31,5.6,0.049,24,97,0.993,3.1,0.42,10.9,5,0,6,xgboost,6
9.2,0.25,0.34,1.2,0.026,31,93,0.9916,2.93,0.37,11.3,7,0,7,xgboost,7
7.9,0.16,0.3,4.8,0.037,37,171,0.9967,3.47,0.44,9,4,0,6,xgboost,6
8.3,0.14,0.34,1.1,0.042,7,47,0.9934,3.47,0.4,10.2,6,0,5,xgboost,5
7,0.27,0.29,3.9,0.059,28,199,0.9961,3.54,0.59,10.3,5,0,6,xgboost,6
5.9,0.4,0.32,6,0.034,50,127,0.992,3.51,0.58,12.5,7,0,7,xgboost,7
8,0.74,0.21,4,0.05,24,133,0.99418,3.06,0.38,9.7,5,0,5,xgboost,5
6.5,0.18,0.29,1.7,0.035,39,144,0.9927,3.49,0.5,10.5,6,0,6,xgboost,6
8.1,0.34,0.28,7.5,0.04,70,230,0.99558,3.14,0.55,9.8,6,0,6,xgboost,6
7.4,0.36,0.32,1.9,0.036,27,119,0.99196,3.15,0.49,11.2,6,0,6,xgboost,6
7,0.18,0.37,1.5,0.043,16,104,0.99216,3.18,0.5,10.8,5,0,6,xgboost,6
6,0.21,0.38,0.8,0.02,22,98,0.98941,3.26,0.32,11.8,6,0,6,xgboost,6
6.6,0.26,0.27,11.8,0.048,28,112,0.99606,2.87,0.49,9.7,6,0,6,xgboost,6
9.2,0.16,0.49,2,0.044,18,107,0.99514,3.1,0.53,10.2,4,0,6,xgboost,6
6.7,0.27,0.69,1.2,0.176,36,106,0.99288,2.96,0.43,9.2,6,0,6,xgboost,6
7.9,0.27,0.27,1.7,0.034,25,122,0.99088,2.97,0.51,11.9,6,0,6,xgboost,6
12.6,0.39,0.49,2.5,0.08,8,20,0.9992,3.07,0.82,10.3,6,1,6,xgboost,6
6,0.2,0.26,6.8,0.049,22,93,0.9928,3.15,0.42,11,6,0,6,xgboost,6
11,0.26,0.68,2.55,0.085,10,25,0.997,3.18,0.61,11.8,5,1,6,xgboost,6
7.4,0.19,0.3,1.4,0.057,33,135,0.993,3.12,0.5,9.6,6,0,6,xgboost,6
6.8,0.26,0.32,7,0.041,38,118,0.9939,3.25,0.52,10.8,6,0,6,xgboost,6
7.7,0.18,0.34,2.7,0.066,15,58,0.9947,3.37,0.78,11.8,6,1,7,xgboost,7
8.1,0.36,0.59,13.6,0.051,60,134,0.99886,2.96,0.39,8.7,5,0,5,xgboost,5
7.1,0.43,0.42,5.5,0.071,28,128,0.9973,3.42,0.71,10.5,5,1,5,xgboost,5
6.3,0.55,0.15,1.8,0.077,26,35,0.99314,3.32,0.82,11.6,6,1,6,xgboost,6
6.9,0.4,0.42,6.2,0.066,41,176,0.99552,3.12,0.54,9.4,5,0,5,xgboost,5
7.4,0.28,0.25,11.9,0.053,25,148,0.9976,3.1,0.62,9.2,5,0,5,xgboost,5
8.3,0.4,0.41,8.2,0.05,15,122,0.9979,3.39,0.49,9.3,5,0,5,xgboost,5
7.2,0.3,0.3,8.1,0.05,40,188,0.99652,3.15,0.49,9.1,6,0,5,xgboost,5
6.1,0.3,0.3,2.1,0.031,50,163,0.9895,3.39,0.43,12.7,7,0,7,xgboost,7
8.1,0.24,0.26,11,0.043,41,211,0.99676,3.11,0.49,10,6,0,6,xgboost,6
7.7,0.32,0.61,11.8,0.041,66,188,0.99794,3,0.54,9.3,5,0,5,xgboost,5
6.5,0.38,0.53,1.4,0.142,5,69,0.9926,3.14,0.52,10.1,4,0,5,xgboost,5
7.4,0.16,0.27,15.5,0.05,25,135,0.9984,2.9,0.43,8.7,7,0,7,xgboost,7
7,0.25,0.32,9,0.046,56,245,0.9955,3.25,0.5,10.4,6,0,6,xgboost,6
6.7,0.41,0.24,5.4,0.035,33,115,0.9901,3.12,0.44,12.8933333333333,7,0,7,xgboost,7
8.6,0.31,0.3,0.9,0.045,16,109,0.99249,2.95,0.39,10.1,5,0,5,xgboost,5
9.9,0.74,0.28,2.6,0.078,21,77,0.998,3.28,0.51,9.8,5,1,5,xgboost,5
7.5,0.58,0.56,3.1,0.153,5,14,0.99476,3.21,1.03,11.6,6,1,6,xgboost,6
6.8,0.26,0.22,4.8,0.041,110,198,0.99437,3.29,0.67,10.6,5,0,6,xgboost,6
5.5,0.19,0.27,0.9,0.04,52,103,0.99026,3.5,0.39,11.2,5,0,5,xgboost,5
7.1,0.36,0.56,1.3,0.046,25,102,0.9923,3.24,0.33,10.5,6,0,6,xgboost,6
6,0.25,0.28,7.7,0.053,37,132,0.99489,3.06,0.5,9.4,6,0,6,xgboost,6
7.9,0.65,0.01,2.5,0.078,17,38,0.9963,3.34,0.74,11.7,7,1,6,xgboost,6
7.1,0.18,0.39,14.5,0.051,48,156,0.99947,3.35,0.78,9.1,5,0,6,xgboost,6
6.7,0.29,0.49,4.7,0.034,35,156,0.9945,3.13,0.45,9.9,6,0,6,xgboost,6
6.2,0.29,0.29,5.6,0.046,35,178,0.99313,3.25,0.51,10.5333333333333,5,0,6,xgboost,6
7,0.22,0.32,1.6,0.045,40,120,0.9914,2.98,0.44,10.5,6,0,6,xgboost,6
6.9,0.22,0.32,9.3,0.04,22,110,0.9958,3.34,0.54,10.7,7,0,6,xgboost,6
6.5,0.16,0.33,1,0.027,23,75,0.9908,3.3,0.39,11.4,7,0,6,xgboost,6
7.2,0.38,0.3,1.8,0.073,31,70,0.99685,3.42,0.59,9.5,6,1,6,xgboost,6
6.1,0.22,0.5,6.6,0.045,30,122,0.99415,3.22,0.49,9.9,6,0,6,xgboost,6
6.4,0.24,0.32,14.9,0.047,54,162,0.9968,3.28,0.5,10.2,6,0,6,xgboost,6
6.6,0.895,0.04,2.3,0.068,7,13,0.99582,3.53,0.58,10.8,6,1,4,xgboost,4
6.7,0.18,0.3,6.4,0.048,40,251,0.9956,3.29,0.52,10,5,0,6,xgboost,6
7.6,0.41,0.24,1.8,0.08,4,11,0.9962,3.28,0.59,9.5,5,1,5,xgboost,5
7,0.45,0.34,19.8,0.04,12,67,0.9976,3.07,0.38,11,6,0,6,xgboost,6
7.5,0.51,0.02,1.7,0.084,13,31,0.99538,3.36,0.54,10.5,6,1,6,xgboost,6
7.3,0.25,0.26,7.2,0.048,52,207,0.99587,3.12,0.37,9.2,5,0,5,xgboost,5
7.7,0.3,0.34,1.2,0.048,4,119,0.99084,3.18,0.34,12.1,6,0,6,xgboost,6
7.2,0.24,0.36,2,0.029,21,63,0.99076,3.13,0.63,12.5,6,0,6,xgboost,6
7,0.15,0.28,14.7,0.051,29,149,0.99792,2.96,0.39,9,7,0,7,xgboost,7
5.6,0.22,0.32,1.2,0.024,29,97,0.98823,3.2,0.46,13.05,7,0,6,xgboost,6
7.1,0.46,0.14,2.8,0.076,15,37,0.99624,3.36,0.49,10.7,5,1,5,xgboost,5
6.8,0.29,0.49,1.4,0.142,52,148,0.9937,3.08,0.49,9,6,0,5,xgboost,5
7.4,0.35,0.33,2.4,0.068,9,26,0.9947,3.36,0.6,11.9,6,1,6,xgboost,6
6.9,0.4,0.17,12.9,0.033,59,186,0.99754,3.08,0.49,9.4,5,0,5,xgboost,5
8,0.18,0.37,0.9,0.049,36,109,0.99007,2.89,0.44,12.7,6,1,6,xgboost,6
6.2,0.1,0.41,1,0.04,17,76,0.98988,3.14,0.56,11.4,7,0,6,xgboost,6
7.3,0.65,0,1.2,0.065,15,21,0.9946,3.39,0.47,10,7,1,5,xgboost,5
7.5,0.32,0.37,1.2,0.048,22,184,0.9938,3.09,0.43,9.3,5,0,5,xgboost,5
6.4,0.26,0.21,8.2,0.05,51,182,0.99542,3.23,0.48,9.5,5,0,5,xgboost,5
7,0.685,0,1.9,0.067,40,63,0.9979,3.6,0.81,9.9,5,1,5,xgboost,5
5.9,0.27,0.27,5,0.035,14,97,0.99058,3.1,0.33,11.8,7,0,6,xgboost,6
9.6,0.5,0.36,2.8,0.116,26,55,0.99722,3.18,0.68,10.9,5,1,6,xgboost,6
7.4,0.15,0.42,1.7,0.045,49,154,0.992,3,0.6,10.4,6,0,6,xgboost,6
6.2,0.16,0.47,1.4,0.029,23,81,0.99,3.26,0.42,12.2,6,0,6,xgboost,6
6.8,0.4,0.29,2.8,0.044,27,97,0.9904,3.12,0.42,11.2,6,0,6,xgboost,6
6.9,0.24,0.49,1.3,0.032,35,148,0.9932,3.45,0.57,10.7,7,0,6,xgboost,6
7.5,0.685,0.07,2.5,0.058,5,9,0.99632,3.38,0.55,10.9,4,1,5,xgboost,5
7.4,0.39,0.23,7,0.033,29,126,0.994,3.14,0.42,10.5,5,0,6,xgboost,6
7.4,0.64,0.07,1.8,0.1,8,23,0.9961,3.3,0.58,9.6,5,1,5,xgboost,5
6,0.42,0.41,12.4,0.032,50,179,0.99622,3.14,0.6,9.7,5,0,5,xgboost,5
7.4,0.16,0.31,6.85,0.059,31,131,0.9952,3.29,0.34,9.7,5,0,6,xgboost,6
7.4,0.28,0.49,1.5,0.034,20,126,0.9918,2.98,0.39,10.6,6,0,5,xgboost,5
7.7,0.43,0.37,10,0.169,22,210,0.99776,3.02,0.64,9.5,5,0,5,xgboost,5
9.4,0.685,0.11,2.7,0.077,6,31,0.9984,3.19,0.7,10.1,6,1,5,xgboost,5
6.9,0.19,0.33,1.6,0.043,63,149,0.9925,3.44,0.52,10.8,5,0,6,xgboost,6
9.1,0.29,0.33,2.05,0.063,13,27,0.99516,3.26,0.84,11.7,7,1,7,xgboost,7
6.6,0.29,0.31,3.9,0.027,39,96,0.99035,3.24,0.6,12.6,8,0,7,xgboost,7
6.8,0.39,0.31,14.35,0.043,28,162,0.9988,3.17,0.54,9.1,5,0,5,xgboost,5
6.6,0.25,0.35,2.9,0.034,38,121,0.99008,3.19,0.4,12.8,6,0,7,xgboost,7
8.8,0.28,0.45,6,0.022,14,49,0.9934,3.01,0.33,11.1,7,0,5,xgboost,5
6.7,0.21,0.34,1.4,0.049,36,112,0.99091,3.02,0.5,11,6,0,6,xgboost,6
5.2,0.25,0.23,1.4,0.047,20,77,0.99001,3.32,0.62,11.4,5,0,6,xgboost,6
8.2,0.74,0.09,2,0.067,5,10,0.99418,3.28,0.57,11.8,6,1,6,xgboost,6
5.5,0.3,0.25,1.9,0.029,33,118,0.98972,3.36,0.66,12.5,6,0,6,xgboost,6
10.4,0.38,0.46,2.1,0.104,6,10,0.99664,3.12,0.65,11.8,7,1,6,xgboost,6
6,0.26,0.24,1.3,0.053,66,150,0.9924,3.21,0.62,10.4,6,0,6,xgboost,6
7.5,0.5,0.36,6.1,0.071,17,102,0.9978,3.35,0.8,10.5,5,1,5,xgboost,5
6.4,0.29,0.28,11.1,0.063,66,169,0.9973,2.89,0.57,9,5,0,6,xgboost,6
6.5,0.36,0.32,1.1,0.031,13,66,0.9916,3.1,0.46,10.6,5,0,5,xgboost,5
6.8,0.3,0.33,12.8,0.041,60,168,0.99659,3.1,0.56,9.8,5,0,6,xgboost,6
8.5,0.19,0.56,17.3,0.055,47,169,1.00047,3.07,0.67,9.3,6,0,6,xgboost,6
7.9,0.22,0.38,8,0.043,46,152,0.9934,3.12,0.32,11.5,7,0,6,xgboost,6
6.9,0.19,0.33,1.6,0.043,63,149,0.9925,3.44,0.52,10.8,5,0,6,xgboost,6
6.9,0.34,0.74,11.2,0.069,44,150,0.9968,3,0.81,9.2,5,0,5,xgboost,5
5.7,0.43,0.3,5.7,0.039,24,98,0.992,3.54,0.61,12.3,7,0,7,xgboost,7
7,0.44,0.24,12.1,0.056,68,210,0.99718,3.05,0.5,9.5,5,0,5,xgboost,5
9.2,0.92,0.24,2.6,0.087,12,93,0.9998,3.48,0.54,9.8,5,1,5,xgboost,5
6.9,0.19,0.38,1.15,0.023,30,105,0.99047,3.11,0.38,11.4,5,0,6,xgboost,6
7,0.2,0.31,8,0.05,29,213,0.99596,3.28,0.57,10.4,6,0,6,xgboost,6
7.5,0.38,0.57,2.3,0.106,5,12,0.99605,3.36,0.55,11.4,6,1,6,xgboost,6
7.1,0.42,0.2,2.8,0.038,28,109,0.98968,3.23,0.47,13.4,6,0,6,xgboost,6
13.7,0.415,0.68,2.9,0.085,17,43,1.0014,3.06,0.8,10,6,1,6,xgboost,6
8.5,0.28,0.35,1.7,0.061,6,15,0.99524,3.3,0.74,11.8,7,1,7,xgboost,7
5.9,0.24,0.12,1.4,0.035,60,247,0.99358,3.34,0.44,9.6,6,0,5,xgboost,5
7.6,0.17,0.36,4.5,0.042,26,102,0.99427,3.09,0.47,9.5,5,0,6,xgboost,6
6.6,0.25,0.33,8.5,0.042,29,141,0.99546,3.28,0.6,10.4,5,0,6,xgboost,6
8.2,0.52,0.34,1.2,0.042,18,167,0.99366,3.24,0.39,10.6,5,0,5,xgboost,5
7.4,0.27,0.49,1.1,0.037,33,156,0.992,3.15,0.54,11.1,6,0,6,xgboost,6
6.2,0.21,0.29,1.6,0.039,24,92,0.99114,3.27,0.5,11.2,6,0,6,xgboost,6
7.5,0.18,0.39,1.9,0.054,23,91,0.9941,3.27,0.45,10.3,6,0,5,xgboost,5
6.9,0.21,0.24,1.8,0.021,17,80,0.98992,3.15,0.46,12.3,7,0,6,xgboost,6
6.1,0.24,0.3,1.5,0.045,22,61,0.992,3.31,0.54,10.4,5,0,6,xgboost,6
5.8,0.2,0.3,1.5,0.031,21,57,0.99115,3.44,0.55,11,6,0,6,xgboost,6
6.4,0.32,0.23,16.2,0.055,36,176,0.9986,3.26,0.54,9.1,5,0,5,xgboost,5
7.9,0.5,0.33,2,0.084,15,143,0.9968,3.2,0.55,9.5,5,1,5,xgboost,5
7.2,0.28,0.26,12.5,0.046,48,179,0.9975,3.1,0.52,9,6,0,5,xgboost,5
6.1,0.28,0.27,4.7,0.03,56,140,0.99042,3.16,0.42,12.5,8,0,7,xgboost,7
9.3,0.32,0.57,2,0.074,27,65,0.9969,3.28,0.79,10.7,5,1,6,xgboost,6
6,0.24,0.34,1,0.036,52,184,0.99097,3.44,0.44,11.45,6,0,5,xgboost,5
6.8,0.24,0.49,19.3,0.057,55,247,1.00055,3,0.56,8.7,5,0,5,xgboost,5
5.2,0.24,0.15,7.1,0.043,32,134,0.99378,3.24,0.48,9.9,6,0,6,xgboost,6
6.6,0.23,0.26,1.3,0.045,16,128,0.9934,3.36,0.6,10,6,0,6,xgboost,6
7.3,0.26,0.53,12.7,0.047,60.5,156,0.9984,3.06,0.45,9.1,6,0,5,xgboost,5
7.7,0.17,0.52,5.9,0.017,21,84,0.9929,3.14,0.4,11.9,7,0,6,xgboost,6
6.8,0.25,0.29,2,0.042,19,189,0.9952,3.46,0.54,10.2,6,0,6,xgboost,6
7.6,0.18,0.49,18.05,0.046,36,158,0.9996,3.06,0.41,9.2,5,0,6,xgboost,6
7.9,0.51,0.34,2.6,0.049,13,135,0.99335,3.09,0.51,10,5,0,5,xgboost,5
7.3,0.26,0.49,5,0.028,32,107,0.9936,3.24,0.54,10.8,6,0,6,xgboost,6
6.1,0.4,0.31,0.9,0.048,23,170,0.993,3.22,0.77,9.5,6,0,6,xgboost,6
5.6,0.34,0.3,6.9,0.038,23,89,0.99266,3.25,0.49,11.1,6,0,6,xgboost,6
7,0.14,0.49,5.9,0.053,22,118,0.9954,3.36,0.36,9.4,6,0,6,xgboost,6
10.6,0.48,0.64,2.2,0.111,6,20,0.997,3.26,0.66,11.7,6,1,6,xgboost,6
10,0.44,0.49,2.7,0.077,11,19,0.9963,3.23,0.63,11.6,7,1,6,xgboost,6
6.8,0.19,0.33,4.9,0.047,42,130,0.99283,3.12,0.56,11,6,0,6,xgboost,6
6.6,0.19,0.28,11.8,0.042,54,137,0.99492,3.18,0.37,10.8,6,0,6,xgboost,6
9.8,0.31,0.49,15.4,0.046,13,119,1.0004,3.18,0.45,9.5,5,0,5,xgboost,5
10.3,0.43,0.44,2.4,0.214,5,12,0.9994,3.19,0.63,9.5,6,1,5,xgboost,5
7.8,0.56,0.12,2,0.082,7,28,0.997,3.37,0.5,9.4,6,1,5,xgboost,5
6.3,0.43,0.32,8.8,0.042,18,106,0.99172,3.28,0.33,12.9,7,0,7,xgboost,7
8,0.25,0.13,17.2,0.036,49,219,0.9996,2.96,0.46,9.7,5,0,5,xgboost,5
9.4,0.26,0.53,1.2,0.047,25,109,0.9921,3.23,0.28,12.5,6,0,6,xgboost,6
7.2,0.21,0.28,2.7,0.033,38,94,0.99075,2.99,0.43,11.8,7,0,6,xgboost,6
6.3,0.36,0.19,3.2,0.075,15,39,0.9956,3.56,0.52,12.7,6,1,6,xgboost,6
6.4,0.32,0.26,7.9,0.05,53,180,0.99514,3.14,0.5,9.6,5,0,5,xgboost,5
5.6,0.21,0.24,4.4,0.027,37,150,0.991,3.3,0.31,11.5,7,0,6,xgboost,6
8.7,0.31,0.46,1.4,0.059,11,25,0.9966,3.36,0.76,10.1,6,1,6,xgboost,6
7.5,0.23,0.49,7.7,0.049,61,209,0.9941,3.14,0.3,11.1,7,0,6,xgboost,6
6.8,0.24,0.35,6.4,0.048,44,172,0.9944,3.29,0.55,10.5,7,0,6,xgboost,6
6.2,0.22,0.3,12.4,0.054,108,152,0.99728000000000006,3.1,0.47,9.5,6,0,6,xgboost,6
6.3,0.36,0.28,2.5,0.035,18,73,0.98868,3.1,0.47,12.8,7,0,6,xgboost,6
7.2,0.19,0.27,11.2,0.061,46,149,0.99772,2.99,0.59,9.3,6,0,6,xgboost,6
12.2,0.45,0.49,1.4,0.075,3,6,0.9969,3.13,0.63,10.4,5,1,5,xgboost,5
7.1,0.59,0.01,2.3,0.08,27,43,0.9955,3.42,0.58,10.7,6,1,6,xgboost,6
7.6,0.5,0.29,2.3,0.086,5,14,0.99502,3.32,0.62,11.5,6,1,6,xgboost,6
7.1,0.33,0.25,1.6,0.03,25,126,0.9901,3.22,0.34,12.1,7,0,6,xgboost,6
5.5,0.21,0.25,1.2,0.04,18,75,0.99006,3.31,0.56,11.3,6,0,6,xgboost,6
7.6,0.16,0.41,1.9,0.047,27,151,0.9937,3.2,0.53,10.1,6,0,6,xgboost,6
6.5,0.22,0.25,17.1,0.05,44,138,1.0001,3.3,0.37,8.8,5,0,5,xgboost,5
6.1,0.36,0.58,15,0.044,42,115,0.9978,3.15,0.51,9,5,0,5,xgboost,5
6.2,0.37,0.22,8.3,0.025,36,216,0.9964,3.33,0.6,9.6,6,0,5,xgboost,5
7.7,0.58,0.01,1.8,0.088,12,18,0.99568,3.32,0.56,10.5,7,1,6,xgboost,6
5.2,0.49,0.26,2.3,0.09,23,74,0.9953,3.71,0.62,12.2,6,1,6,xgboost,6
6.9,0.45,0.27,4.7,0.035,17,80,0.99058,3.12,0.36,12.5,7,0,6,xgboost,6
6.6,0.58,0,2.2,0.1,50,63,0.99544,3.59,0.68,11.4,6,1,6,xgboost,6
5.9,0.19,0.26,7.4,0.034,33,123,0.995,3.49,0.42,10.1,6,0,6,xgboost,6
7.1,0.13,0.38,1.8,0.046,14,114,0.9925,3.32,0.9,11.7,6,0,7,xgboost,7
8.1,0.73,0,2.5,0.081,12,24,0.99798,3.38,0.46,9.6,4,1,5,xgboost,5
7.4,0.19,0.49,9.3,0.03,26,132,0.994,2.99,0.32,11,7,0,7,xgboost,7
10.3,0.27,0.56,1.4,0.047,3,8,0.99471,3.16,0.51,11.8,6,1,6,xgboost,6
7.6,0.49,0.33,1.9,0.074,27,85,0.99706,3.41,0.58,9,5,1,5,xgboost,5
6.8,0.24,0.34,5.1,0.038,31,99,0.9921,3.24,0.46,11.8,6,0,6,xgboost,6
9.2,0.54,0.31,2.3,0.112,11,38,0.99699,3.24,0.56,10.9,5,1,6,xgboost,6
7.1,0.18,0.39,14.5,0.051,48,156,0.99947,3.35,0.78,9.1,5,0,6,xgboost,6
7.3,0.28,0.54,12.9,0.049,62,162.5,0.9984,3.06,0.45,9.1,6,0,5,xgboost,5
6.7,0.66,0,13,0.033,32,75,0.99551,3.15,0.5,10.7,6,0,6,xgboost,6
5.8,0.22,0.3,1.1,0.047,36,131,0.992,3.26,0.45,10.4,5,0,6,xgboost,6
6.4,0.25,0.33,1.7,0.037,35,113,0.99164,3.23,0.66,10.6,6,0,6,xgboost,6
5.7,0.15,0.28,3.7,0.045,57,151,0.9913,3.22,0.27,11.2,6,0,6,xgboost,6
5.1,0.11,0.32,1.6,0.028,12,90,0.99008,3.57,0.52,12.2,6,0,7,xgboost,7
6.4,0.25,0.74,7.8,0.045,52,209,0.9956,3.21,0.42,9.2,6,0,5,xgboost,5
6.9,0.28,0.41,1.4,0.016,6,55,0.98876,3.16,0.4,13.4,5,0,6,xgboost,6
8,0.77,0.32,2.1,0.079,16,74,0.99656,3.27,0.5,9.8,6,1,5,xgboost,5
6.2,0.23,0.38,1.6,0.044,12,113,0.99176,3.3,0.73,11.4,5,0,6,xgboost,6
5.7,0.255,0.65,1.2,0.079,17,137,0.99307,3.2,0.42,9.4,5,0,5,xgboost,5
8.5,0.26,0.21,16.2,0.074,41,197,0.998,3.02,0.5,9.8,3,0,6,xgboost,6
6.6,0.43,0.24,11.9,0.04,54,159,0.99622,3.14,0.54,9.8,6,0,5,xgboost,5
7,0.21,0.22,5.1,0.048,38,168,0.9945,3.34,0.49,10.4,6,0,6,xgboost,6
10.6,0.83,0.37,2.6,0.086,26,70,0.9981,3.16,0.52,9.9,5,1,5,xgboost,5
6.2,0.22,0.49,6,0.029,31,128,0.9928,3.41,0.36,11.3,8,0,6,xgboost,6
6.2,0.235,0.34,1.9,0.036,4,117,0.99032,3.4,0.44,12.2,5,0,6,xgboost,6
7,0.28,0.33,14.6,0.043,47,168,0.9994,3.34,0.67,8.8,6,0,5,xgboost,5
8.2,0.23,0.4,7.5,0.049,12,76,0.9966,3.06,0.84,9.7,6,0,6,xgboost,6
7,0.15,0.28,14.7,0.051,29,149,0.99792,2.96,0.39,9,7,0,7,xgboost,7
9.1,0.785,0,2.6,0.093,11,28,0.9994,3.36,0.86,9.4,6,1,6,xgboost,6
8.5,0.37,0.2,2.8,0.09,18,58,0.998,3.34,0.7,9.6,6,1,6,xgboost,6
6.1,0.24,0.27,11.5,0.05,51,133,0.99476,3.22,0.37,10.8,6,0,6,xgboost,6
5.9,0.22,0.45,22.6,0.12,55,122,0.99636,3.1,0.35,12.8,5,0,6,xgboost,6
7.6,0.49,0.33,1.9,0.074,27,85,0.99706,3.41,0.58,9,5,1,5,xgboost,5
8.3,0.705,0.12,2.6,0.092,12,28,0.9994,3.51,0.72,10,5,1,5,xgboost,5
7.2,0.63,0,1.9,0.097,14,38,0.99675,3.37,0.58,9,6,1,6,xgboost,6
6.4,0.18,0.48,4,0.186,64,150,0.9945,3.06,0.4,9.3,5,0,6,xgboost,6
8.8,0.55,0.04,2.2,0.119,14,56,0.9962,3.21,0.6,10.9,6,1,6,xgboost,6
6.6,0.32,0.47,15.6,0.063,27,173,0.99872,3.18,0.56,9,5,0,5,xgboost,5
6.6,0.35,0.19,10.5,0.06,15,82,0.99588,3.13,0.38,9.9,4,0,6,xgboost,6
13.3,0.29,0.75,2.8,0.084,23,43,0.9986,3.04,0.68,11.4,7,1,6,xgboost,6
5.9,0.46,0,1.9,0.077,25,44,0.99385,3.5,0.53,11.2,5,1,6,xgboost,6
6.7,0.26,0.39,6.4,0.171,64,200,0.99562,3.19,0.38,9.4,6,0,5,xgboost,5
8.8,0.17,0.38,1.8,0.04,39,148,0.9942,3.16,0.67,10.2,6,0,6,xgboost,6
6.5,0.36,0.31,4.1,0.061,20,134,0.99475,3.18,0.45,9,6,0,5,xgboost,5
5.3,0.16,0.39,1,0.028,40,101,0.99156,3.57,0.59,10.6,6,0,6,xgboost,6
6.9,0.38,0.29,13.65,0.048,52,189,0.99784,3,0.6,9.5,6,0,6,xgboost,6
7,0.3,0.38,14.9,0.032,60,181,0.9983,3.18,0.61,9.3,7,0,5,xgboost,5
7.5,0.51,0.02,1.7,0.084,13,31,0.99538,3.36,0.54,10.5,6,1,6,xgboost,6
7.2,0.19,0.31,1.6,0.062,31,173,0.9917,3.35,0.44,11.7,6,0,6,xgboost,6
10.5,0.42,0.66,2.95,0.116,12,29,0.997,3.24,0.75,11.7,7,1,6,xgboost,6
6.3,0.23,0.22,3.75,0.039,37,116,0.9927,3.23,0.5,10.7,6,0,6,xgboost,6
6.8,0.59,0.1,1.7,0.063,34,53,0.9958,3.41,0.67,9.7,5,1,5,xgboost,5
6.9,0.41,0.22,4.2,0.031,10,102,0.993,3,0.86,11.6,4,0,6,xgboost,6
7.2,0.27,0.28,15.2,0.046,6,41,0.99665,3.17,0.39,10.9,6,0,6,xgboost,6
7.1,0.36,0.28,2.4,0.036,35,115,0.98936,3.19,0.44,13.5,7,0,7,xgboost,7
7.6,0.15,0.4,1.3,0.036,24,112,0.9932,3.14,0.76,10,5,0,6,xgboost,6
6,0.5,0,1.4,0.057,15,26,0.99448,3.36,0.45,9.5,5,1,5,xgboost,5
9.9,0.59,0.07,3.4,0.102,32,71,1.00015,3.31,0.71,9.8,5,1,5,xgboost,5
7.9,0.3,0.68,8.3,0.05,37.5,289,0.99316,3.01,0.51,12.3,7,1,7,xgboost,7
6.3,0.28,0.29,6.8,0.051,40,143,0.99374,3.43,0.59,11,6,0,6,xgboost,6
7.9,0.35,0.36,1.6,0.038,11,124,0.9928,3.25,0.48,11,5,0,6,xgboost,6
8.6,0.49,0.28,1.9,0.11,20,136,0.9972,2.93,1.95,9.9,6,1,5,xgboost,5
8.1,0.2,0.4,2,0.037,19,87,0.9921,3.12,0.54,11.2,6,0,6,xgboost,6
6.2,0.25,0.25,1.4,0.03,35,105,0.9912,3.3,0.44,11.1,7,0,6,xgboost,6
6.8,0.36,0.32,1.6,0.039,10,124,0.9948,3.3,0.67,9.6,5,0,6,xgboost,6
4.9,0.335,0.14,1.3,0.036,69,168,0.99212,3.47,0.46,10.4666666666667,5,0,5,xgboost,5
10.3,0.41,0.42,2.4,0.213,6,14,0.9994,3.19,0.62,9.5,6,1,5,xgboost,5
8.8,0.59,0.18,2.9,0.089,12,74,0.99738,3.14,0.54,9.4,5,1,5,xgboost,5
7.1,0.23,0.39,1.6,0.032,12,65,0.9898,3.25,0.4,12.7,7,0,6,xgboost,6
6.4,0.28,0.27,11,0.042,45,148,0.99786,3.14,0.46,8.7,5,0,5,xgboost,5
6.6,0.24,0.3,13,0.052,18,143,0.99825,3.37,0.49,9.4,6,0,6,xgboost,6
7.1,0.2,0.27,9.6,0.037,19,105,0.99444,3.04,0.37,10.5,7,0,6,xgboost,6
6.2,0.27,0.32,6.3,0.048,47,159,0.99282,3.21,0.6,11,6,0,6,xgboost,6
8.7,0.52,0.09,2.5,0.091,20,49,0.9976,3.34,0.86,10.6,7,1,6,xgboost,6
10.4,0.44,0.73,6.55,0.074,38,76,0.999,3.17,0.85,12,7,1,7,xgboost,7
6.6,0.44,0.15,2.1,0.076,22,53,0.9957,3.32,0.62,9.3,5,1,5,xgboost,5
7.1,0.61,0.02,2.5,0.081,17,87,0.99745,3.48,0.6,9.7,6,1,5,xgboost,5
5.6,0.35,0.4,6.3,0.022,23,174,0.9922,3.54,0.5,11.6,7,0,7,xgboost,7
7.8,0.53,0.01,1.6,0.077,3,19,0.995,3.16,0.46,9.8,5,1,5,xgboost,5
8,0.43,0.36,2.3,0.075,10,48,0.9976,3.34,0.46,9.4,5,1,5,xgboost,5
6.6,0.24,0.22,12.3,0.051,35,146,0.99676,3.1,0.67,9.4,5,0,6,xgboost,6
6.7,0.46,0.27,5.2,0.039,35,96,0.99129,3.16,0.44,12.4,7,0,7,xgboost,7
7.1,0.34,0.49,1.5,0.027,26,126,0.99,3.3,0.33,12.2,7,0,6,xgboost,6
8.4,0.62,0.09,2.2,0.084,11,108,0.9964,3.15,0.66,9.8,5,1,5,xgboost,5
7,0.46,0.39,6.2,0.039,46,163,0.9928,3.21,0.35,12.2,7,0,6,xgboost,6
6.5,0.46,0.41,16.8,0.084,59,222,0.9993,3.18,0.58,9,5,0,5,xgboost,5
6.3,0.26,0.49,1.5,0.052,34,134,0.9924,2.99,0.61,9.8,6,0,6,xgboost,6
10.4,0.28,0.54,2.7,0.105,5,19,0.9988,3.25,0.63,9.5,5,1,5,xgboost,5
6.6,0.32,0.33,2.5,0.052,40,210,0.99316,3.15,0.6,10,5,0,5,xgboost,5
8.5,0.23,0.4,9.9,0.036,24,88,0.9951,3.02,0.42,10.5,6,0,6,xgboost,6
7.1,0.27,0.24,12.6,0.044,48,118,0.99726,3.04,0.56,10,7,0,6,xgboost,6
7.2,0.27,0.27,2.4,0.048,30,149,0.9936,3.1,0.51,9.2,6,0,6,xgboost,6
7.1,0.23,0.35,16.5,0.04,60,171,0.999,3.16,0.59,9.1,6,0,6,xgboost,6
6.8,0.16,0.4,2.3,0.037,18,102,0.9923,3.49,0.42,11.4,7,0,6,xgboost,6
8,0.32,0.26,1.2,0.05,11.5,88,0.9946,3.24,0.37,9.5,4,0,5,xgboost,5
6.5,0.26,0.32,6.65,0.059,34,104,0.99254,3.18,0.42,11.1,5,0,6,xgboost,6
5.9,0.13,0.28,1.9,0.05,20,78,0.9918,3.43,0.64,10.8,6,0,6,xgboost,6
7.1,0.46,0.14,2.8,0.076,15,37,0.99624,3.36,0.49,10.7,5,1,5,xgboost,5
6.7,0.2,0.3,1.4,0.025,17,76,0.99104,3.11,0.44,11,6,0,6,xgboost,6
6.4,0.27,0.29,10.8,0.028,17,118,0.99356,3.18,0.37,11.2,6,0,6,xgboost,6
7.6,0.2,0.26,4.8,0.033,26,76,0.99076,2.98,0.49,12.3,7,0,6,xgboost,6
5.8,0.19,0.25,10.8,0.042,33,124,0.99646,3.22,0.41,9.2,6,0,6,xgboost,6
6.6,0.32,0.27,10.9,0.041,37,146,0.9963,3.24,0.47,10,5,0,6,xgboost,6
4.9,0.47,0.17,1.9,0.035,60,148,0.98964,3.27,0.35,11.5,6,0,6,xgboost,6
7.4,0.26,0.29,3.7,0.048,14,73,0.9915,3.06,0.45,11.4,6,0,6,xgboost,6
6.6,0.17,0.28,1.1,0.034,55,108,0.98939,3,0.52,11.9,7,0,6,xgboost,6
6.9,0.63,0.02,1.9,0.078,18,30,0.99712,3.4,0.75,9.8,5,1,5,xgboost,5
6.5,0.43,0.31,3.6,0.046,19,143,0.99022,3.15,0.34,12,8,0,6,xgboost,6
6.3,0.35,0.26,17.6,0.061,59,198,0.99918,3.11,0.49,8.8,5,0,6,xgboost,6
5.6,0.23,0.29,3.1,0.023,19,89,0.99068,3.25,0.51,11.2,6,0,6,xgboost,6
6.2,0.51,0.14,1.9,0.056,15,34,0.99396,3.48,0.57,11.5,6,1,6,xgboost,6
9,0.62,0.04,1.9,0.146,27,90,0.9984,3.16,0.7,9.4,5,1,5,xgboost,5
6.4,0.29,0.32,2.4,0.014,34,89,0.99008,3.24,0.66,12.5,7,0,7,xgboost,7
6.3,0.27,0.23,2.9,0.047,13,100,0.9936,3.28,0.43,9.8,5,0,5,xgboost,5
7.1,0.17,0.31,1.6,0.037,15,103,0.991,3.14,0.5,12,6,0,6,xgboost,6
6.4,0.24,0.28,11.5,0.05,34,163,0.9969,3.31,0.45,9.5,5,0,6,xgboost,6
7.3,0.4,0.28,6.5,0.037,26,97,0.99148,3.16,0.58,12.6,7,0,7,xgboost,7
6.3,0.27,0.49,1.2,0.063,35,92,0.9911,3.38,0.42,12.2,6,0,6,xgboost,6
6,0.33,0.26,5.1,0.051,16,119,0.99416,3.15,0.41,9.2,5,0,5,xgboost,5
7.5,0.23,0.68,11,0.047,37,133,0.9978,2.99,0.38,8.8,5,0,5,xgboost,5
7,0.42,0.19,2.3,0.071,18,36,0.99476,3.39,0.56,10.9,5,1,6,xgboost,6
7,0.21,0.34,8.5,0.033,31,253,0.9953,3.22,0.56,10.5,6,0,6,xgboost,6
10,0.38,0.38,1.6,0.169,27,90,0.99914,3.15,0.65,8.5,5,1,5,xgboost,5
6.5,0.53,0.06,2,0.063,29,44,0.99489,3.38,0.83,10.3,6,1,6,xgboost,6
7.2,0.21,0.29,3.1,0.044,39,122,0.99143,3,0.6,11.3,6,0,6,xgboost,6
7.4,0.2,0.37,1.2,0.028,28,89,0.99132,3.14,0.61,11.8,6,0,6,xgboost,6
6.1,0.24,0.27,9.8,0.062,33,152,0.9966,3.31,0.47,9.5,6,0,5,xgboost,5
7,0.78,0.08,2,0.093,10,19,0.9956,3.4,0.47,10,5,1,5,xgboost,5
7.2,0.26,0.32,10.4,0.062,23,114,0.9966,3.23,0.49,10.5,5,0,6,xgboost,6
6.2,0.3,0.17,2.8,0.04,24,125,0.9939,3.01,0.46,9,5,0,5,xgboost,5
5.7,0.22,0.2,16,0.044,41,113,0.99862,3.22,0.46,8.9,6,0,6,xgboost,6
8.2,0.42,0.49,2.6,0.084,32,55,0.9988,3.34,0.75,8.7,6,1,5,xgboost,5
7,0.28,0.33,14.6,0.043,47,168,0.9994,3.34,0.67,8.8,6,0,5,xgboost,5
6.6,0.42,0.33,2.8,0.034,15,85,0.99,3.28,0.51,13.4,6,0,6,xgboost,6
8.9,0.33,0.32,1.5,0.047,11,200,0.9954,3.19,0.46,9.4,5,0,5,xgboost,5
6,0.19,0.26,12.4,0.048,50,147,0.9972,3.3,0.36,8.9,6,0,5,xgboost,5
6.7,0.11,0.26,14.8,0.053,44,95,0.99676,3.2,0.35,9.8,6,0,6,xgboost,6
7.4,0.34,0.3,14.9,0.037,70,169,0.99698,3.25,0.37,10.4,6,0,6,xgboost,6
9.2,0.41,0.5,2.5,0.055,12,25,0.9952,3.34,0.79,13.3,7,1,7,xgboost,7
8.7,0.49,0.57,17.8,0.052,34,243,1.0007,2.98,0.82,9,5,0,5,xgboost,5
6.6,0.5,0.26,11.3,0.029,32,110,0.99302,3.27,0.78,12.9,8,0,7,xgboost,7
6.5,0.29,0.3,9.15,0.051,25,166,0.99339,3.24,0.56,11.3333333333333,6,0,6,xgboost,6
5.8,0.33,0.2,16.05,0.047,26,166,0.9976,3.09,0.46,8.9,5,0,5,xgboost,5
6.5,0.28,0.29,2.7,0.038,26,107,0.9912,3.32,0.41,11.6,7,0,7,xgboost,7
8.3,0.21,0.58,17.1,0.049,62,213,1.0006,3.01,0.51,9.3,6,0,6,xgboost,6
7.8,0.53,0.01,1.6,0.077,3,19,0.995,3.16,0.46,9.8,5,1,5,xgboost,5
6.8,0.22,0.35,5.5,0.043,21,114,0.9938,3.3,0.53,10.7,7,0,6,xgboost,6
6.2,0.36,0.22,5.25,0.038,44,145,0.99184,3.22,0.4,11.2,6,0,6,xgboost,6
7.1,0.26,0.19,8.2,0.051,53,187,0.996,3.16,0.52,9.7,5,0,5,xgboost,5
6.6,0.16,0.32,1.4,0.035,49,186,0.9906,3.35,0.64,12.4,8,0,6,xgboost,6
6.6,0.17,0.28,1.8,0.042,62,178,0.99204,3.15,0.42,10.2,5,0,6,xgboost,6
6.8,0.21,0.55,14.6,0.053,34,159,0.99805,2.93,0.44,9.2,5,0,5,xgboost,5
8,0.26,0.28,4.8,0.05,34,150,0.99437,3.13,0.5,10,6,0,6,xgboost,6
8,0.39,0.3,1.9,0.074,32,84,0.99717,3.39,0.61,9,5,1,5,xgboost,5
6.7,0.24,0.39,2.9,0.173,63,157,0.9937,3.1,0.34,9.4,6,0,6,xgboost,6
6.5,0.22,0.19,1.1,0.064,36,191,0.99297,3.05,0.5,9.5,6,0,6,xgboost,6
7.4,0.31,0.48,14.2,0.042,62,204,0.9983,3.06,0.59,9.4,5,0,5,xgboost,5
6.4,0.27,0.29,3.9,0.034,62,140,0.99237,3.1,0.59,11.1,6,0,6,xgboost,6
8.2,0.28,0.4,2.4,0.052,4,10,0.99356,3.33,0.7,12.8,7,1,7,xgboost,7
5.6,0.25,0.19,2.4,0.049,42,166,0.992,3.25,0.43,10.4,6,0,6,xgboost,6
7.6,0.54,0.02,1.7,0.085,17,31,0.99589,3.37,0.51,10.4,6,1,6,xgboost,6
5.7,0.37,0.3,1.1,0.029,24,88,0.98883,3.18,0.39,11.7,6,0,6,xgboost,6
11.5,0.35,0.49,3.3,0.07,10,37,1.0003,3.32,0.91,11,6,1,6,xgboost,6
7.6,0.3,0.27,10.6,0.039,31,119,0.99815,3.27,0.3,9.3,6,0,5,xgboost,5
10,0.2,0.39,1.4,0.05,19,152,0.994,3,0.42,10.4,6,0,5,xgboost,5
7.5,0.34,0.35,6,0.034,12,126,0.9924,3.16,0.39,12,7,0,7,xgboost,7
7,0.58,0.28,4.8,0.085,12,69,0.99633,3.32,0.7,11,6,1,6,xgboost,6
5.6,0.605,0.05,2.4,0.073,19,25,0.99258,3.56,0.55,12.9,5,1,6,xgboost,6
6.7,0.31,0.33,2,0.033,12,74,0.99064,3.29,0.65,12.5,6,0,6,xgboost,6
9.9,0.32,0.56,2,0.073,3,8,0.99534,3.15,0.73,11.4,6,1,7,xgboost,7
6.7,0.14,0.51,4.3,0.028,57,124,0.99176,2.91,0.54,10.7,7,0,6,xgboost,6
7.3,0.19,0.49,15.55,0.058,50,134,0.9998,3.42,0.36,9.1,7,0,6,xgboost,6
5.8,0.27,0.26,3.5,0.071,26,69,0.98994,3.1,0.38,11.5,6,0,6,xgboost,6
6.9,0.21,0.33,1.4,0.056,35,136,0.9938,3.63,0.78,10.3,6,0,6,xgboost,6
6.6,0.24,0.27,10.3,0.047,54,219,0.99742,3.04,0.45,8.8,5,0,6,xgboost,6
7.8,0.24,0.38,2.1,0.058,14,167,0.994,3.21,0.55,9.9,5,0,5,xgboost,5
6.1,0.36,0.27,2.1,0.035,16,100,0.9917,3.4,0.71,11.5,7,0,6,xgboost,6
6.1,0.55,0.15,9.8,0.031,19,125,0.9957,3.36,0.47,10.2,6,0,5,xgboost,5
6.8,0.16,0.29,10.4,0.046,59,143,0.99518,3.2,0.4,10.8,6,0,6,xgboost,6
6.7,0.16,0.28,2.5,0.046,40,153,0.9921,3.38,0.51,11.4,7,0,6,xgboost,6
6.7,0.16,0.34,1.6,0.026,27,109,0.9934,3.34,0.58,10.1,6,0,6,xgboost,6
8.2,0.23,0.4,1.2,0.027,36,121,0.992,3.12,0.38,10.7,6,0,6,xgboost,6
5.7,0.245,0.33,1.1,0.049,28,150,0.9927,3.13,0.42,9.3,5,0,6,xgboost,6
6.1,0.38,0.42,5,0.016,31,113,0.99007,3.15,0.31,12.4,7,0,6,xgboost,6
5.8,0.25,0.24,13.3,0.044,41,137,0.9972,3.34,0.42,9.5,5,0,6,xgboost,6
7.3,0.23,0.34,9.3,0.052,19,86,0.99574,3.04,0.56,10,5,0,6,xgboost,6
6.8,0.18,0.28,8.7,0.047,52,242,0.9952,3.22,0.53,10.5,6,0,6,xgboost,6
8.5,0.18,0.3,1.1,0.028,34,95,0.99272,2.83,0.36,10,4,0,6,xgboost,6
7.8,0.87,0.26,3.8,0.107,31,67,0.99668,3.26,0.46,9.2,5,1,5,xgboost,5
6.8,0.24,0.31,18.3,0.046,40,142,1,3.3,0.41,8.7,5,0,5,xgboost,5
6.2,0.26,0.29,2,0.036,16,87,0.99081,3.33,0.61,11.8,6,0,7,xgboost,7
12.8,0.615,0.66,5.8,0.083,7,42,1.0022,3.07,0.73,10,7,1,7,xgboost,7
7.4,0.29,0.5,1.8,0.042,35,127,0.9937,3.45,0.5,10.2,7,0,6,xgboost,6
5.8,0.29,0.33,3.7,0.029,30,88,0.98994,3.25,0.42,12.3,6,0,6,xgboost,6
8.1,0.2,0.28,0.9,0.023,49,87,0.99062,2.92,0.36,11.1,6,0,6,xgboost,6
7.7,0.43,1,19.95,0.032,42,164,0.99742,3.29,0.5,12,6,0,6,xgboost,6
6.1,0.22,0.28,16.55,0.059,54,135,0.99665,3.2,0.38,10.5,5,0,6,xgboost,6
6.8,0.64,0.03,2.3,0.075,14,31,0.99545,3.36,0.58,10.4,6,1,6,xgboost,6
7.1,0.18,0.39,15.25,0.047,45,158,0.99946,3.34,0.77,9.1,6,0,6,xgboost,6
7.9,0.42,0.49,8.2,0.056,32,164,0.9965,3.29,0.6,11.2,7,0,6,xgboost,6
6.6,0.26,0.36,1.2,0.035,43,126,0.99094,3.01,0.63,11.4,6,0,6,xgboost,6
7.8,0.34,0.35,1.8,0.042,8,167,0.9908,3.11,0.41,12.1,6,0,6,xgboost,6
8.8,0.33,0.41,5.9,0.073,7,13,0.99658,3.3,0.62,12.1,7,1,7,xgboost,7
9.9,0.63,0.24,2.4,0.077,6,33,0.9974,3.09,0.57,9.4,5,1,5,xgboost,5
6.2,0.355,0.35,2,0.046,31,95,0.98822,3.06,0.46,13.6,6,0,6,xgboost,6
8.4,0.19,0.43,2.1,0.052,20,104,0.994,2.85,0.46,9.5,5,0,5,xgboost,5
6.5,0.4,0.31,3.5,0.046,22,147,0.99024,3.15,0.31,12,7,0,6,xgboost,6
6.5,0.63,0.33,1.8,0.059,16,28,0.99531,3.36,0.64,10.1,6,1,5,xgboost,5
7.8,0.5,0.12,1.8,0.178,6,21,0.996,3.28,0.87,9.8,6,1,6,xgboost,6
8,0.62,0.35,2.8,0.086,28,52,0.997,3.31,0.62,10.8,5,1,6,xgboost,6
6.5,0.29,0.32,3,0.036,38,93,0.9906,3.16,0.59,12,6,0,7,xgboost,7
6.9,0.3,0.21,15.7,0.056,49,159,0.99827,3.11,0.48,9,5,0,5,xgboost,5
6.1,0.31,0.58,5,0.039,36,114,0.9909,3.3,0.6,12.3,8,0,6,xgboost,6
8.3,0.22,0.38,14.8,0.054,32,126,1.0002,3.22,0.5,9.7,5,0,6,xgboost,6
6.6,0.41,0.27,10.7,0.11,20,103,0.99672,3.08,0.41,9,6,0,5,xgboost,5
7,0.62,0.1,1.4,0.071,27,63,0.996,3.28,0.61,9.2,5,1,5,xgboost,5
7,0.28,0.28,1.4,0.039,12,83,0.99173,3.18,0.65,11.1,5,0,5,xgboost,5
6,0.18,0.31,1.4,0.036,14,75,0.99085,3.34,0.58,11.1,8,0,7,xgboost,7
5.6,0.26,0,10.2,0.038,13,111,0.99315,3.44,0.46,12.4,6,0,6,xgboost,6
4.2,0.215,0.23,5.1,0.041,64,157,0.99688,3.42,0.44,8,3,0,5,xgboost,5
6.8,0.17,0.34,2,0.04,38,111,0.99,3.24,0.45,12.9,6,0,7,xgboost,7
6.6,0.24,0.27,1.4,0.057,33,152,0.9934,3.22,0.56,9.5,6,0,6,xgboost,6
5.6,0.235,0.29,1.2,0.047,33,127,0.991,3.34,0.5,11,7,0,6,xgboost,6
11.5,0.315,0.54,2.1,0.084,5,15,0.9987,2.98,0.7,9.2,6,1,6,xgboost,6
7.2,1,0,3,0.102,7,16,0.99586,3.43,0.46,10,5,1,5,xgboost,5
8.3,0.54,0.24,3.4,0.076,16,112,0.9976,3.27,0.61,9.4,5,1,5,xgboost,5
6,0.2,0.26,6.8,0.049,22,93,0.9928,3.15,0.42,11,6,0,6,xgboost,6
6,0.28,0.27,15.5,0.036,31,134,0.99408,3.19,0.44,13,7,0,6,xgboost,6
6.7,0.18,0.19,4.7,0.046,57,161,0.9946,3.32,0.66,10.5,6,0,6,xgboost,6
7.2,0.695,0.13,2,0.076,12,20,0.99546,3.29,0.54,10.1,5,1,5,xgboost,5
7.2,0.35,0.34,12.4,0.051,6,37,0.9944,3.13,0.39,11.5,6,0,6,xgboost,6
5.6,0.39,0.24,4.7,0.034,27,77,0.9906,3.28,0.36,12.7,5,0,6,xgboost,6
6.8,0.37,0.51,11.8,0.044,62,163,0.9976,3.19,0.44,8.8,5,0,5,xgboost,5
6.4,0.33,0.24,1.6,0.054,25,117,0.9943,3.36,0.5,9.3,5,0,5,xgboost,5
8.9,0.12,0.45,1.8,0.075,10,21,0.99552,3.41,0.76,11.9,7,1,7,xgboost,7
7.4,0.105,0.34,12.2,0.05,57,146,0.9973,3.16,0.37,9,6,0,6,xgboost,6
6.2,0.36,0.45,10.4,0.06,22,184,0.99711,3.31,0.56,9.8,6,0,6,xgboost,6
7.4,0.16,0.27,15.5,0.05,25,135,0.9984,2.9,0.43,8.7,7,0,7,xgboost,7
7.5,0.42,0.19,6.9,0.041,62,150,0.99508,3.23,0.37,10,6,0,5,xgboost,5
6.8,0.28,0.44,11.5,0.04,58,223,0.9969,3.22,0.56,9.5,5,0,6,xgboost,6
6.1,0.32,0.28,6.6,0.021,29,132,0.99188,3.15,0.36,11.45,7,0,6,xgboost,6
6.8,0.45,0.28,26.05,0.031,27,122,1.00295,3.06,0.42,10.6,6,0,6,xgboost,6
7.4,0.47,0.46,2.2,0.114,7,20,0.99647,3.32,0.63,10.5,5,1,6,xgboost,6
6.5,0.22,0.72,6.8,0.042,33,168,0.9958,3.12,0.36,9.2,6,0,5,xgboost,5
5.6,0.18,0.3,10.2,0.028,28,131,0.9954,3.49,0.42,10.8,7,0,6,xgboost,6
6.7,0.3,0.44,18.5,0.057,65,224,0.99956,3.11,0.53,9.1,5,0,5,xgboost,5
6,0.27,0.15,1.5,0.056,35,128,0.9936,3.12,0.45,8.8,5,0,5,xgboost,5
7.6,0.48,0.28,10.4,0.049,57,205,0.99748,3.24,0.45,9.3,5,0,5,xgboost,5
6,0.27,0.19,1.7,0.02,24,110,0.9898,3.32,0.47,12.6,7,0,6,xgboost,6
6.1,0.44,0.28,4.25,0.032,43,132,0.9916,3.26,0.47,11.3,7,0,7,xgboost,7
7.6,0.4,0.29,1.9,0.078,29,66,0.9971,3.45,0.59,9.5,6,1,6,xgboost,6
6,0.17,0.3,7.3,0.039,39,104,0.99252,2.91,0.57,11,6,0,6,xgboost,6
10.6,0.36,0.59,2.2,0.152,6,18,0.9986,3.04,1.05,9.4,5,1,6,xgboost,6
6.8,0.21,0.49,14.5,0.06,50,170,0.9991,3.55,0.44,9.8,6,0,6,xgboost,6
6.6,0.16,0.4,1.5,0.044,48,143,0.9912,3.54,0.52,12.4,7,0,6,xgboost,6
7.4,0.32,0.27,1.4,0.049,38,173,0.99335,3.03,0.52,9.3,5,0,5,xgboost,5
5.9,0.29,0.16,7.9,0.044,48,197,0.99512,3.21,0.36,9.4,5,0,5,xgboost,5
7.4,0.33,0.26,15.6,0.049,67,210,0.99907,3.06,0.68,9.5,5,0,5,xgboost,5
11.2,0.28,0.56,1.9,0.075,17,60,0.998,3.16,0.58,9.8,6,1,5,xgboost,5
8.7,0.52,0.09,2.5,0.091,20,49,0.9976,3.34,0.86,10.6,7,1,6,xgboost,6
7.1,0.28,0.49,6.5,0.041,28,111,0.9926,3.41,0.58,12.2,8,0,6,xgboost,6
7,0.13,0.37,12.85,0.042,36,105,0.99581,3.05,0.55,10.7,6,0,6,xgboost,6
8,0.38,0.06,1.8,0.078,12,49,0.99625,3.37,0.52,9.9,6,1,5,xgboost,5
5.6,0.41,0.24,1.9,0.034,10,53,0.98815,3.32,0.5,13.5,7,0,6,xgboost,6
5.8,0.3,0.42,1.1,0.036,19,113,0.98871,3.1,0.46,12.6,7,0,6,xgboost,6
7.6,0.27,0.42,2.6,0.044,29,110,0.9912,3.31,0.51,12.7,6,0,6,xgboost,6
6.3,0.32,0.35,11.1,0.039,29,198,0.9984,3.36,0.5,9.4,7,0,5,xgboost,5
6.8,0.67,0.15,1.8,0.118,13,20,0.9954,3.42,0.67,11.3,6,1,6,xgboost,6
6.4,0.34,0.23,6.3,0.039,37,143,0.9944,3.19,0.65,10,6,0,5,xgboost,5
7.3,0.28,0.42,14.4,0.04,49,173,0.9994,3.28,0.82,9,7,0,5,xgboost,5
6.8,0.19,0.32,7.6,0.049,37,107,0.99332,3.12,0.44,10.7,7,0,6,xgboost,6
7.6,0.3,0.42,2,0.052,6,24,0.9963,3.44,0.82,11.9,6,1,7,xgboost,7
7.9,0.16,0.64,17,0.05,69,210,1.0004,3.15,0.51,9.3,7,0,6,xgboost,6
6.3,0.2,0.3,5.9,0.034,35,152,0.99642,3.47,0.4,8.5,6,0,5,xgboost,5
6.1,0.33,0.32,7.8,0.052,52,183,0.99657,3.39,0.65,9.5,5,0,5,xgboost,5
7.1,0.33,0.3,3.3,0.034,30,102,0.9912,3.08,0.31,12.3,7,0,6,xgboost,6
6.8,0.28,0.43,7.6,0.03,30,110,0.99164,3.08,0.59,12.5,8,0,7,xgboost,7
6.6,0.35,0.35,6,0.063,31,150,0.99537,3.1,0.47,9.4,6,0,5,xgboost,5
5.7,0.16,0.26,6.3,0.043,28,113,0.9936,3.06,0.58,9.9,6,0,6,xgboost,6
8.7,0.23,0.32,13.4,0.044,35,169,0.99975,3.12,0.47,8.8,7,0,7,xgboost,7
7.7,0.43,0.25,2.6,0.073,29,63,0.99615,3.37,0.58,10.5,6,1,6,xgboost,6
6.4,0.31,0.53,8.8,0.057,36,221,0.99642,3.17,0.44,9.1,5,0,5,xgboost,5
5.3,0.57,0.01,1.7,0.054,5,27,0.9934,3.57,0.84,12.5,7,1,6,xgboost,6
7.3,0.19,0.27,13.9,0.057,45,155,0.99807,2.94,0.41,8.8,8,0,8,xgboost,8
6.5,0.19,0.32,1.4,0.04,31,132,0.9922,3.36,0.54,10.8,7,0,6,xgboost,6
8,0.36,0.39,1.6,0.024,26,93,0.99116,3.15,0.49,11.9,6,0,6,xgboost,6
6.8,0.2,0.27,1.2,0.034,19,68,0.9902,3.14,0.37,11.7,4,0,6,xgboost,6
7.4,0.56,0.09,1.5,0.071,19,117,0.99496,3.22,0.53,9.8,5,0,5,xgboost,5
6.3,0.19,0.28,1.8,0.022,28,158,0.9907,3.2,0.64,11.4,6,0,6,xgboost,6
6.7,0.3,0.29,2.8,0.025,37,107,0.99159,3.31,0.63,11.3,7,0,7,xgboost,7
7,0.13,0.37,12.85,0.042,36,105,0.99581,3.05,0.55,10.7,6,0,6,xgboost,6
6.5,0.28,0.29,2.7,0.038,26,107,0.9912,3.32,0.41,11.6,7,0,7,xgboost,7
6.1,0.32,0.33,10.7,0.036,27,98,0.99521,3.34,0.52,10.2,6,0,6,xgboost,6
9.8,0.39,0.43,1.65,0.068,5,11,0.99478,3.19,0.46,11.4,5,1,6,xgboost,6
9.2,0.14,0.37,1.1,0.034,36,84,0.99136,3.05,0.55,11.6,6,0,6,xgboost,6
6.6,0.3,0.45,8,0.038,54,200,0.9956,3.18,0.48,9.5,5,0,5,xgboost,5
6.5,0.41,0.24,14,0.048,24,113,0.9982,3.44,0.53,9.8,6,0,6,xgboost,6
6.1,0.17,0.27,1.5,0.056,45,135,0.9924,3.2,0.43,10.2,6,0,6,xgboost,6
7.6,0.39,0.32,3.6,0.035,22,93,0.99144,3.08,0.6,12.5,7,0,7,xgboost,7
5.7,0.21,0.32,1.6,0.03,33,122,0.99044,3.33,0.52,11.9,6,0,6,xgboost,6
6.5,0.19,0.28,1.4,0.046,22,90,0.99038,3.18,0.51,11.7,7,0,6,xgboost,6
5.8,0.31,0.32,4.5,0.024,28,94,0.98906,3.25,0.52,13.7,7,0,7,xgboost,7
4.8,0.65,0.12,1.1,0.013,4,10,0.99246,3.32,0.36,13.5,4,0,5,xgboost,5
7.3,0.21,0.29,1.6,0.034,29,118,0.9917,3.3,0.5,11,8,0,6,xgboost,6
5.6,0.29,0.05,0.8,0.038,11,30,0.9924,3.36,0.35,9.2,5,0,5,xgboost,5
4.7,0.785,0,3.4,0.036,23,134,0.98981,3.53,0.92,13.8,6,0,7,xgboost,7
7.4,0.62,0.05,1.9,0.068,24,42,0.9961,3.42,0.57,11.5,6,1,6,xgboost,6
6.9,0.28,0.22,10,0.052,36,131,0.99696,3.08,0.46,9.6,5,0,5,xgboost,5
10.7,0.52,0.38,2.6,0.066,29,56,0.99577,3.15,0.79,12.1,7,1,6,xgboost,6
7.3,0.32,0.29,1.5,0.038,32,144,0.99296,3.2,0.55,10.8,5,0,6,xgboost,6
6.7,0.21,0.32,5.4,0.047,29,140,0.995,3.39,0.46,9.7,6,0,6,xgboost,6
8,0.5,0.39,2.6,0.082,12,46,0.9985,3.43,0.62,10.7,6,1,6,xgboost,6
6.6,0.33,0.32,15.6,0.054,62,227,0.99734,3.25,0.56,10.4,5,0,6,xgboost,6
5.7,0.15,0.47,11.4,0.035,49,128,0.99456,3.03,0.34,10.5,8,0,6,xgboost,6
6.7,0.7,0.08,3.75,0.067,8,16,0.99334,3.43,0.52,12.6,5,1,6,xgboost,6
6.8,0.21,0.26,11.7,0.038,61,152,0.99523,3.02,0.56,10.5,7,0,6,xgboost,6
6.9,0.33,0.21,1,0.053,39,148,0.9927,3.12,0.45,9.4,6,0,6,xgboost,6
7.2,0.36,0.36,5.7,0.038,26,98,0.9914,2.93,0.59,12.5,7,0,6,xgboost,6
6.4,0.25,0.74,7.8,0.045,52,209,0.9956,3.21,0.42,9.2,6,0,5,xgboost,5
6.8,0.25,0.37,3.1,0.026,29,93,0.99035,3.14,0.45,12.2,6,0,7,xgboost,7
6,0.24,0.41,1.3,0.036,42,118,0.99018,3.04,0.64,11.7333333333333,6,0,6,xgboost,6
6.1,0.45,0.27,0.8,0.039,13,82,0.9927,3.23,0.32,9.5,5,0,5,xgboost,5
8.9,0.61,0.49,2,0.27,23,110,0.9972,3.12,1.02,9.3,5,1,5,xgboost,5
10.6,0.31,0.49,2.2,0.063,18,40,0.9976,3.14,0.51,9.8,6,1,5,xgboost,5
6.5,0.18,0.41,14.2,0.039,47,129,0.99678,3.28,0.72,10.3,7,0,7,xgboost,7
7.3,0.19,0.27,13.9,0.057,45,155,0.99807,2.94,0.41,8.8,8,0,8,xgboost,8
7.7,0.34,0.28,11,0.04,31,117,0.99815,3.27,0.29,9.2,6,0,5,xgboost,5
11.2,0.4,0.5,2,0.099,19,50,0.99783,3.1,0.58,10.4,5,1,6,xgboost,6
7.2,0.19,0.31,6.3,0.034,17,103,0.99305,3.15,0.52,11.4,7,0,6,xgboost,6
10.6,0.34,0.49,3.2,0.078,20,78,0.9992,3.19,0.7,10,6,1,6,xgboost,6
7.1,0.36,0.2,1.6,0.271,24,140,0.99356,3.11,0.63,9.8,5,0,5,xgboost,5
6.7,0.23,0.31,2.1,0.046,30,96,0.9926,3.33,0.64,10.7,8,0,6,xgboost,6
8.1,0.82,0,4.1,0.095,5,14,0.99854,3.36,0.53,9.6,5,1,5,xgboost,5
6.7,0.32,0.44,2.4,0.061,24,34,0.99484,3.29,0.8,11.6,7,1,7,xgboost,7
6.9,0.24,0.39,1.3,0.063,18,136,0.9928,3.31,0.48,10.4,7,0,6,xgboost,6
9.1,0.3,0.34,2,0.064,12,25,0.99516,3.26,0.84,11.7,7,1,7,xgboost,7
6.5,0.35,0.28,12.4,0.051,86,213,0.9962,3.16,0.51,9.9,6,0,6,xgboost,6
8.7,0.22,0.42,2.3,0.053,27,114,0.994,2.99,0.43,10,5,0,5,xgboost,5
6.2,0.36,0.38,3.2,0.031,20,89,0.98956,3.06,0.33,12,7,0,6,xgboost,6
7.4,0.16,0.27,15.5,0.05,25,135,0.9984,2.9,0.43,8.7,7,0,7,xgboost,7
10.2,0.54,0.37,15.4,0.214,55,95,1.00369,3.18,0.77,9,6,1,6,xgboost,6
7.4,0.19,0.31,14.5,0.045,39,193,0.9986,3.1,0.5,9.2,6,0,6,xgboost,6
7.4,0.67,0.12,1.6,0.186,5,21,0.996,3.39,0.54,9.5,5,1,5,xgboost,5
7.6,0.42,0.08,2.7,0.084,15,48,0.9968,3.21,0.59,10,5,1,6,xgboost,6
7.2,0.49,0.24,2.2,0.07,5,36,0.996,3.33,0.48,9.4,5,1,5,xgboost,5
6.6,0.22,0.23,17.3,0.047,37,118,0.99906,3.08,0.46,8.8,6,0,6,xgboost,6
9.3,0.2,0.33,1.7,0.05,28,178,0.9954,3.16,0.43,9,4,0,6,xgboost,6
11.9,0.57,0.5,2.6,0.082,6,32,1.0006,3.12,0.78,10.7,6,1,6,xgboost,6
7.1,0.23,0.28,1.9,0.046,33,103,0.98997,3.12,0.31,12,5,0,6,xgboost,6
5.8,0.17,0.34,1.8,0.045,96,170,0.99035,3.38,0.9,11.8,8,0,8,xgboost,8
6.9,0.28,0.33,1.2,0.039,16,98,0.9904,3.07,0.39,11.7,6,0,6,xgboost,6
8.9,0.34,0.34,1.6,0.056,13,176,0.9946,3.14,0.47,9.7,5,0,5,xgboost,5
6,0.25,0.28,7.7,0.053,37,132,0.99489,3.06,0.5,9.4,6,0,6,xgboost,6
7.4,0.26,0.31,2.4,0.043,58,178,0.9941,3.42,0.68,10.6,6,0,6,xgboost,6
6.7,0.62,0.21,1.9,0.079,8,62,0.997,3.52,0.58,9.3,6,1,5,xgboost,5
7.7,0.275,0.3,1,0.039,19,75,0.992,3.01,0.56,10.7,5,0,6,xgboost,6
10.9,0.39,0.47,1.8,0.118,6,14,0.9982,3.3,0.75,9.8,6,1,6,xgboost,6
10.7,0.22,0.56,8.2,0.044,37,181,0.998,2.87,0.68,9.5,6,0,5,xgboost,5
5.7,0.26,0.27,4.1,0.201,73.5,189.5,0.9942,3.27,0.38,9.4,6,0,6,xgboost,6
5.8,0.39,0.47,7.5,0.027,12,88,0.9907,3.38,0.45,14,6,0,6,xgboost,6
9.6,0.42,0.35,2.1,0.083,17,38,0.99622,3.23,0.66,11.1,6,1,6,xgboost,6
6.4,0.29,0.3,2.9,0.036,25,79,0.99037,3.29,0.6,12.4,7,0,7,xgboost,7
7.7,0.16,0.36,5.9,0.054,25,148,0.99578,3.25,0.54,10.2,6,0,6,xgboost,6
5.6,0.19,0.46,1.1,0.032,33,115,0.9909,3.36,0.5,10.4,6,0,6,xgboost,6
8.7,0.23,0.32,13.4,0.044,35,169,0.99975,3.12,0.47,8.8,7,0,7,xgboost,7
7.5,0.57,0.02,2.6,0.077,11,35,0.99557,3.36,0.62,10.8,6,1,6,xgboost,6
6,0.2,0.24,5.3,0.075,49,201,0.99466,3.21,0.43,9.5,5,0,6,xgboost,6
7.3,0.28,0.54,12.9,0.049,62,152,0.9984,3.06,0.45,9.1,6,0,5,xgboost,5
8.2,0.26,0.34,2.5,0.073,16,47,0.99594,3.4,0.78,11.3,7,1,6,xgboost,6
6,0.21,0.3,8.7,0.036,47,127,0.99368,3.18,0.39,10.6,5,0,5,xgboost,5
6.3,1.02,0,2,0.083,17,24,0.99437,3.59,0.55,11.2,4,1,6,xgboost,6
8.7,0.46,0.31,2.5,0.126,24,64,0.99746,3.1,0.74,9.6,5,1,5,xgboost,5
7.4,0.52,0.13,2.4,0.078,34,61,0.99528,3.43,0.59,10.8,6,1,6,xgboost,6
6.6,0.52,0.44,12.2,0.048,54,245,0.9975,3.26,0.54,9.3,6,0,5,xgboost,5
8.3,0.42,0.38,2.5,0.094,24,60,0.9979,3.31,0.7,10.8,6,1,6,xgboost,6
6.8,0.15,0.41,12.9,0.044,79.5,182,0.99742,3.24,0.78,10.2,6,0,6,xgboost,6
6.9,0.33,0.62,7.5,0.038,46,132,0.99143,3.23,0.43,13.4,7,0,6,xgboost,6
6,0.27,0.26,1.3,0.038,32,138,0.99125,3.46,0.43,11.1,6,0,6,xgboost,6
7.5,0.61,0.2,1.7,0.076,36,60,0.99494,3.1,0.4,9.3,5,1,5,xgboost,5
6.5,0.26,0.27,12.9,0.044,69,215,0.9967,3.17,0.43,10,6,0,6,xgboost,6
6.5,0.22,0.34,12,0.053,55,177,0.9983,3.52,0.44,9.9,6,0,6,xgboost,6
6.6,0.24,0.28,1.8,0.028,39,132,0.99182,3.34,0.46,11.4,5,0,7,xgboost,7
5.9,0.34,0.22,2.4,0.03,19,135,0.9894,3.41,0.78,13.9,7,0,7,xgboost,7
6.9,0.37,0.23,9.5,0.057,54,166,0.99568,3.23,0.42,10,5,0,6,xgboost,6
7.4,0.2,0.31,1.6,0.038,34,116,0.9912,3.25,0.39,12,7,0,6,xgboost,6
7,0.35,0.24,1.9,0.04,21,144,0.9923,3.35,0.38,11,5,0,6,xgboost,6
7.5,0.77,0.2,8.1,0.098,30,92,0.99892,3.2,0.58,9.2,5,1,5,xgboost,5
6.9,0.24,0.23,7.1,0.041,20,97,0.99246,3.1,0.85,11.4,6,0,6,xgboost,6
6.3,0.32,0.26,12.3,0.044,24,205,0.99611,3.11,0.58,9.9,5,0,6,xgboost,6
5.8,0.23,0.27,1.8,0.043,24,69,0.9933,3.38,0.31,9.4,6,0,6,xgboost,6
5.6,0.66,0,2.2,0.087,3,11,0.99378,3.71,0.63,12.8,7,1,7,xgboost,7
6.9,0.23,0.41,8,0.03,30,114,0.99368,3.22,0.54,11,6,0,6,xgboost,6
6.6,0.3,0.25,8,0.036,21,124,0.99362,3.06,0.38,10.8,6,0,6,xgboost,6
6.1,0.28,0.25,6.9,0.056,44,201,0.9955,3.19,0.4,9.1,6,0,5,xgboost,5
8.1,0.26,0.33,11.1,0.052,52.5,158,0.9976,3.03,0.49,10.2,7,0,6,xgboost,6
7.1,0.17,0.4,14.55,0.047,47,156,0.99945,3.34,0.78,9.1,6,0,6,xgboost,6
6.8,0.23,0.32,8.6,0.046,47,159,0.99452,3.08,0.52,10.5,6,0,6,xgboost,6
7.4,0.16,0.49,1.2,0.055,18,150,0.9917,3.23,0.47,11.2,6,0,6,xgboost,6
8.4,0.36,0.32,2.2,0.081,32,79,0.9964,3.3,0.72,11,6,1,6,xgboost,6
9,0.45,0.49,2.6,0.084,21,75,0.9987,3.35,0.57,9.7,5,1,5,xgboost,5
6.8,0.23,0.33,1.9,0.047,20,101,0.9914,3.1,0.46,11.1,6,0,6,xgboost,6
6.9,0.32,0.3,1.8,0.036,28,117,0.99269,3.24,0.48,11,6,0,6,xgboost,6
5.6,0.25,0.26,3.6,0.037,18,115,0.9904,3.42,0.5,12.6,6,0,6,xgboost,6
6.3,0.26,0.25,7.8,0.058,44,166,0.9961,3.24,0.41,9,5,0,5,xgboost,5
4.8,0.225,0.38,1.2,0.074,47,130,0.99132,3.31,0.4,10.3,6,0,6,xgboost,6
6.9,0.25,0.24,3.6,0.057,13,85,0.9942,2.99,0.48,9.5,4,0,5,xgboost,5
7.4,0.19,0.3,12.8,0.053,48.5,229,0.9986,3.14,0.49,9.1,7,0,7,xgboost,7
7.8,0.3,0.36,4.6,0.024,20,198,0.99222,3.06,0.66,11.9,6,0,6,xgboost,6
4.7,0.6,0.17,2.3,0.058,17,106,0.9932,3.85,0.6,12.9,6,1,5,xgboost,5
5.7,0.22,0.25,1.1,0.05,97,175,0.99099,3.44,0.62,11.1,6,0,6,xgboost,6
7.6,0.31,0.49,3.95,0.044,27,131,0.9912,3.08,0.67,12.8,7,0,6,xgboost,6
10.8,0.4,0.41,2.2,0.084,7,17,0.9984,3.08,0.67,9.3,6,1,6,xgboost,6
6.6,0.3,0.25,8,0.036,21,124,0.99362,3.06,0.38,10.8,6,0,6,xgboost,6
6.9,0.32,0.26,8.3,0.053,32,180,0.9965,3.25,0.51,9.2,6,0,5,xgboost,5
5.8,1.01,0.66,2,0.039,15,88,0.99357,3.66,0.6,11.5,6,1,5,xgboost,5
6.3,0.34,0.29,6.2,0.046,29,227,0.9952,3.29,0.53,10.1,6,0,5,xgboost,5
7.4,0.24,0.31,8.4,0.045,52,183,0.9963,3.09,0.32,8.8,5,0,5,xgboost,5
8.1,0.22,0.43,1.5,0.044,28,129,0.9938,3.22,0.45,11,6,0,6,xgboost,6
6.3,0.17,0.42,2.8,0.028,45,107,0.9908,3.27,0.43,11.8,6,0,6,xgboost,6
6.6,0.905,0.19,0.8,0.048,17,204,0.9934,3.34,0.56,10,5,0,5,xgboost,5
6.7,0.15,0.32,7.9,0.034,17,81,0.99512,3.29,0.31,10,6,0,6,xgboost,6
8.2,0.35,0.33,2.4,0.076,11,47,0.99599,3.27,0.81,11,6,1,6,xgboost,6
7.8,0.23,0.28,4.75,0.042,45,166,0.9928,2.96,0.4,11.5,5,0,6,xgboost,6
6.7,0.42,0.46,9.7,0.054,67,234,0.99848,3.23,0.5,9,5,0,5,xgboost,5
7.7,0.26,0.31,1.3,0.043,47,155,0.9937,3.42,0.5,10.1,6,0,6,xgboost,6
6.5,0.28,0.34,3.6,0.04,29,121,0.99111,3.28,0.48,12.1,7,0,7,xgboost,7
5.9,0.21,0.24,12.1,0.044,53,165,0.9969,3.25,0.39,9.5,5,0,5,xgboost,5
6.3,0.39,0.24,6.9,0.069,9,117,0.9942,3.15,0.35,10.2,4,0,5,xgboost,5
7.1,0.67,0,2.3,0.083,18,27,0.99768,3.44,0.54,9.4,5,1,5,xgboost,5
7.3,0.26,0.31,1.6,0.04,39,173,0.9918,3.19,0.51,11.4,6,0,6,xgboost,6
5.9,0.5,0.05,2.6,0.054,36,146,0.9948,3.43,0.5,9.2,6,0,5,xgboost,5
6.5,0.38,0.34,3.4,0.036,34,200,0.9937,3.14,0.76,10,5,0,5,xgboost,5
8.5,0.46,0.59,1.4,0.414,16,45,0.99702,3.03,1.34,9.2,5,1,5,xgboost,5
7,0.35,0.17,1.1,0.049,7,119,0.99297,3.13,0.36,9.7,6,0,5,xgboost,5
6,0.31,0.24,3.3,0.041,25,143,0.9914,3.31,0.44,11.3,6,0,6,xgboost,6
10.7,0.4,0.37,1.9,0.081,17,29,0.99674,3.12,0.65,11.2,6,1,6,xgboost,6
6.7,0.23,0.33,8.1,0.048,45,176,0.99472,3.11,0.52,10.1,6,0,6,xgboost,6
8.4,0.25,0.39,2,0.041,4,10,0.99386,3.27,0.71,12.5,7,1,7,xgboost,7
8.8,0.33,0.44,6.35,0.024,9,87,0.9917,2.96,0.4,12.6,7,0,6,xgboost,6
6.5,0.46,0.14,2.4,0.114,9,37,0.99732,3.66,0.65,9.8,5,1,5,xgboost,5
7.2,0.24,0.34,1.1,0.045,3,64,0.9913,3.23,0.51,11.4,5,0,4,xgboost,4
6.6,0.24,0.22,12.3,0.051,35,146,0.99676,3.1,0.67,9.4,5,0,6,xgboost,6
6.3,0.27,0.25,5.8,0.038,52,155,0.995,3.28,0.38,9.4,6,0,5,xgboost,5
8,0.38,0.44,1.9,0.098,6,15,0.9956,3.3,0.64,11.4,6,1,6,xgboost,6
6.2,0.26,0.19,3.4,0.049,47,172,0.9924,3.14,0.43,10.4,6,0,6,xgboost,6
6.8,0.21,0.31,2.9,0.046,40,121,0.9913,3.07,0.65,10.9,7,0,7,xgboost,7
7.4,0.18,0.29,1.4,0.042,34,101,0.99384,3.54,0.6,10.5,7,0,6,xgboost,6
6.3,0.3,0.29,2.1,0.048,33,142,0.98956,3.22,0.46,12.9,7,0,6,xgboost,6
6.1,0.33,0.32,7.8,0.052,52,183,0.99657,3.39,0.65,9.5,5,0,5,xgboost,5
8.8,0.2,0.43,15,0.053,60,184,1.0008,3.28,0.79,8.8,6,0,6,xgboost,6
6.3,0.27,0.51,7.6,0.049,35,200,0.99548,3.16,0.54,9.4,4,0,6,xgboost,6
5.9,0.65,0.23,5,0.035,20,128,0.99016,3.46,0.48,12.8,6,0,6,xgboost,6
5.9,0.25,0.19,12.4,0.047,50,162,0.9973,3.35,0.38,9.5,5,0,5,xgboost,5
6.8,0.33,0.44,7,0.05,29,155,0.9955,3.14,0.42,9.5,5,0,5,xgboost,5
8.1,0.38,0.48,1.8,0.157,5,17,0.9976,3.3,1.05,9.4,5,1,6,xgboost,6
6.4,0.16,0.28,2.2,0.042,33,93,0.9914,3.31,0.43,11.1,6,0,6,xgboost,6
7.2,0.2,0.61,16.2,0.043,14,103,0.9987,3.06,0.36,9.2,6,0,6,xgboost,6
9.8,0.5,0.34,2.3,0.094,10,45,0.99864,3.24,0.6,9.7,7,1,5,xgboost,5
7.3,0.24,0.29,1.2,0.037,37,97,0.9926,3.19,0.7,10.1,6,0,6,xgboost,6
6.3,0.29,0.3,8.1,0.212,60,150,0.9958,3.1,0.4,9.3,5,0,5,xgboost,5
9.7,0.31,0.47,1.6,0.062,13,33,0.9983,3.27,0.66,10,6,1,6,xgboost,6
6.7,0.33,0.49,1.6,0.167,20,94,0.9914,3.11,0.5,11.4,6,0,6,xgboost,6
8.2,0.44,0.24,2.3,0.063,10,28,0.99613,3.25,0.53,10.2,6,1,5,xgboost,5
8.1,0.2,0.3,1.3,0.036,7,49,0.99242,2.99,0.73,10.3,5,0,5,xgboost,5
6.2,0.2,0.26,1.1,0.047,42,119,0.99158,3.48,0.6,11,7,0,6,xgboost,6
7.2,0.4,0.49,1.1,0.048,11,138,0.9929,3.01,0.42,9.3,5,0,5,xgboost,5
6.5,0.22,0.25,17.1,0.05,44,138,1.0001,3.3,0.37,8.8,5,0,5,xgboost,5
6.8,0.49,0.22,2.3,0.071,13,24,0.99438,3.41,0.83,11.3,6,1,6,xgboost,6
6.7,0.16,0.32,12.5,0.035,18,156,0.99666,2.88,0.36,9,6,0,6,xgboost,6
6.7,0.855,0.02,1.9,0.064,29,38,0.99472,3.3,0.56,10.75,6,1,6,xgboost,6
7.8,0.34,0.27,1.2,0.04,25,106,0.9932,3.01,0.55,10.4,5,0,6,xgboost,6
6.1,0.705,0.1,2.8,0.081,13,28,0.99631,3.6,0.66,10.2,5,1,5,xgboost,5
6.6,0.34,0.28,1.3,0.035,32,90,0.9916,3.1,0.42,10.7,6,0,6,xgboost,6
7.6,0.43,0.29,2.1,0.075,19,66,0.99718,3.4,0.64,9.5,5,1,5,xgboost,5
7.5,0.29,0.36,15.7,0.05,29,124,0.9968,3.06,0.54,10.4,5,0,6,xgboost,6
9.3,0.39,0.44,2.1,0.107,34,125,0.9978,3.14,1.22,9.5,5,1,5,xgboost,5
6.9,0.38,0.32,8.5,0.044,36,152,0.9932,3.38,0.35,12,7,0,6,xgboost,6
6.6,0.725,0.09,5.5,0.117,9,17,0.99655,3.35,0.49,10.8,6,1,6,xgboost,6
8,0.28,0.42,7.1,0.045,41,169,0.9959,3.17,0.43,10.6,5,0,5,xgboost,5
8.4,0.56,0.08,2.1,0.105,16,44,0.9958,3.13,0.52,11,5,1,6,xgboost,6
5.6,0.62,0.03,1.5,0.08,6,13,0.99498,3.66,0.62,10.1,4,1,5,xgboost,5
7,0.59,0,1.7,0.052,3,8,0.996,3.41,0.47,10.3,5,1,5,xgboost,5
6.4,0.22,0.49,7.5,0.054,42,151,0.9948,3.27,0.52,10.1,6,0,6,xgboost,6
6.4,0.57,0.14,3.9,0.07,27,73,0.99669,3.32,0.48,9.2,5,1,5,xgboost,5
6.4,0.25,0.53,6.6,0.038,59,234,0.9955,3.03,0.42,8.8,5,0,5,xgboost,5
8.1,0.46,0.31,1.7,0.052,50,183,0.9923,3.03,0.42,11.2,5,0,6,xgboost,6
6,0.19,0.29,1.2,0.046,29,92,0.99033,3.22,0.53,11.3,6,0,6,xgboost,6
7.7,0.29,0.48,2.3,0.049,36,178,0.9931,3.17,0.64,10.6,6,0,6,xgboost,6
9,0.38,0.53,2.1,0.102,19,76,0.99001,2.93,0.57,12.9,5,0,6,xgboost,6
6.8,0.11,0.42,1.1,0.042,51,132,0.99059,3.18,0.74,11.3,7,0,7,xgboost,7
7.7,0.28,0.35,15.3,0.056,31,117,0.9998,3.27,0.5,9.6,5,0,5,xgboost,5
6.1,0.25,0.28,10,0.055,56,131,0.994,3.22,0.35,10.9,6,0,6,xgboost,6
10.3,0.27,0.24,2.1,0.072,15,33,0.9956,3.22,0.66,12.8,6,1,6,xgboost,6
6,0.28,0.34,1.6,0.119,33,104,0.9921,3.19,0.38,10.2,6,0,5,xgboost,5
6.6,0.855,0.02,2.4,0.062,15,23,0.99627,3.54,0.6,11,6,1,6,xgboost,6
7.3,0.22,0.37,14.3,0.063,48,191,0.9978,2.89,0.38,9,6,0,6,xgboost,6
6,0.11,0.47,10.6,0.052,69,148,0.9958,2.91,0.34,9.3,4,0,6,xgboost,6
6.7,0.42,0.27,8.6,0.068,24,148,0.9948,3.16,0.57,11.3,6,1,6,xgboost,6
6.2,0.35,0.29,7.3,0.044,56,244,0.9956,3.36,0.55,10,6,0,6,xgboost,6
7.2,0.24,0.29,3,0.036,17,117,0.99411,3.36,0.68,10.1,6,0,6,xgboost,6
6,0.32,0.3,1.9,0.033,41,142,0.98912,3.29,0.42,12.8,7,0,7,xgboost,7
6.7,0.16,0.32,12.5,0.035,18,156,0.99666,2.88,0.36,9,6,0,6,xgboost,6
6.2,0.27,0.43,7.8,0.056,48,244,0.9956,3.1,0.51,9,6,0,5,xgboost,5
6.5,0.43,0.28,11.25,0.032,31,87,0.9922,3.02,0.38,12.4,6,0,6,xgboost,6
6.3,0.19,0.21,1.8,0.049,35,163,0.9924,3.31,0.5,10.3,6,0,6,xgboost,6
6.6,0.52,0.08,2.4,0.07,13,26,0.99358,3.4,0.72,12.5,7,1,6,xgboost,6
6.8,0.2,0.28,12.6,0.048,54,136,0.99556,3.19,0.37,10.7,6,0,6,xgboost,6
7.7,0.715,0.01,2.1,0.064,31,43,0.99371,3.41,0.57,11.8,6,1,6,xgboost,6
9.9,0.35,0.41,2.3,0.083,11,61,0.9982,3.21,0.5,9.5,5,1,5,xgboost,5
6.4,0.57,0.02,1.8,0.067,4,11,0.997,3.46,0.68,9.5,5,1,5,xgboost,5
6.4,0.32,0.31,1.9,0.037,34,126,0.99,3.06,0.45,11.8,6,0,6,xgboost,6
6.3,0.24,0.29,13.7,0.035,53,134,0.99567,3.17,0.38,10.6,6,0,6,xgboost,6
6.8,0.31,0.32,7.6,0.052,35,143,0.9959,3.14,0.38,9,5,0,5,xgboost,5
7.6,0.27,0.25,13.9,0.05,45,199,0.9984,3.34,0.5,9.8,6,0,5,xgboost,5
7,0.36,0.21,2.4,0.086,24,69,0.99556,3.4,0.53,10.1,6,1,6,xgboost,6
8.2,0.5,0.35,2.9,0.077,21,127,0.9976,3.23,0.62,9.4,5,1,5,xgboost,5
6.9,0.33,0.26,5,0.027,46,143,0.9924,3.25,0.43,11.2,7,0,6,xgboost,6
7.7,0.18,0.53,1.2,0.041,42,167,0.9908,3.11,0.44,11.9,5,0,6,xgboost,6
7.5,0.14,0.34,1.3,0.055,50,153,0.9945,3.29,0.8,9.6,6,0,6,xgboost,6
8.1,0.27,0.41,1.45,0.033,11,63,0.9908,2.99,0.56,12,5,0,6,xgboost,6
7,0.34,0.1,3.5,0.044,17,63,0.9937,3.01,0.39,9.2,5,0,5,xgboost,5
6.4,0.31,0.4,6.4,0.039,39,191,0.99513,3.14,0.52,9.8,5,0,5,xgboost,5
6.8,0.26,0.43,11.75,0.045,53,198,0.9969,3.26,0.55,9.5,5,0,6,xgboost,6
6.3,0.2,0.18,10.6,0.045,57,159,0.99666,3.09,0.54,9.2,5,0,6,xgboost,6
15.5,0.645,0.49,4.2,0.095,10,23,1.00315,2.92,0.74,11.1,5,1,5,xgboost,5
6.2,0.32,0.12,4.8,0.054,6,97,0.99424,3.16,0.5,9.3,5,0,5,xgboost,5
5.8,0.42,0.3,2.2,0.035,26,129,0.989,3.32,0.47,12.9,6,0,7,xgboost,7
6.8,0.27,0.12,1.3,0.04,87,168,0.992,3.18,0.41,10,5,0,5,xgboost,5
7.5,0.42,0.32,2.7,0.067,7,25,0.99628,3.24,0.44,10.4,5,1,5,xgboost,5
8,0.2,0.36,1.2,0.032,21,78,0.9921,3.08,0.37,10.4,6,0,5,xgboost,5
10,0.29,0.4,2.9,0.098,10,26,1.0006,3.48,0.91,9.7,5,1,6,xgboost,6
6.9,0.35,0.74,1,0.044,18,132,0.992,3.13,0.55,10.2,5,0,6,xgboost,6
6.8,0.25,0.34,4.7,0.031,34,134,0.9927,3.21,0.38,10.6,6,0,6,xgboost,6
6.8,0.39,0.34,7.4,0.02,38,133,0.99212,3.18,0.44,12,7,0,7,xgboost,7
6.6,0.26,0.29,1.4,0.039,13,67,0.9915,3.05,0.49,10.9,6,0,6,xgboost,6
6.4,0.5,0.2,2.4,0.059,19,112,0.99314,3.18,0.4,9.2,6,0,5,xgboost,5
6.6,0.23,0.29,14.45,0.057,29,144,0.99756,3.33,0.54,10.2,6,0,6,xgboost,6
7.6,0.3,0.4,2.2,0.054,29,175,0.99445,3.19,0.53,9.8,5,0,5,xgboost,5
6.2,0.35,0.2,18.1,0.069,33,158,0.99908,3.15,0.5,8.8,6,0,6,xgboost,6
7,0.2,0.34,5.7,0.035,32,83,0.9928,3.19,0.46,11.5,6,0,6,xgboost,6
6.9,0.615,0.42,12,0.067,24,131,0.99727,3.19,0.34,9.3,5,0,5,xgboost,5
7.4,0.6,0.26,2.1,0.083,17,91,0.99616,3.29,0.56,9.8,6,1,5,xgboost,5
8,0.705,0.05,1.9,0.074,8,19,0.9962,3.34,0.95,10.5,6,1,6,xgboost,6
5.9,0.435,0.16,6.4,0.031,21,134,0.99151,3.24,0.46,12.2,6,0,6,xgboost,6
6.4,0.23,0.27,2.1,0.042,35,100,0.99094,3.03,0.63,10.9,6,0,6,xgboost,6
7.5,0.29,0.24,9.9,0.058,25,115,0.99567,3.15,0.46,10.9,5,0,6,xgboost,6
5.5,0.35,0.35,1.1,0.045,14,167,0.992,3.34,0.68,9.9,6,0,6,xgboost,6
7.9,0.37,0.31,2.85,0.037,5,24,0.9911,3.19,0.36,11.9,6,0,6,xgboost,6
6.3,0.76,0,2.9,0.072,26,52,0.99379,3.51,0.6,11.5,6,1,6,xgboost,6
7.2,0.34,0.44,4.2,0.047,51,144,0.991,3.01,0.76,12.3,6,0,6,xgboost,6
5.6,0.245,0.25,9.7,0.032,12,68,0.994,3.31,0.34,10.5,5,0,5,xgboost,5
6,0.39,0.17,12,0.046,65,246,0.9976,3.15,0.38,9,6,0,5,xgboost,5
8,0.19,0.36,1.8,0.05,16,84,0.9936,3.15,0.45,9.8,7,0,5,xgboost,5
10.7,0.43,0.39,2.2,0.106,8,32,0.9986,2.89,0.5,9.6,5,1,5,xgboost,5
6.7,0.31,0.3,2.4,0.038,30,83,0.98867,3.09,0.36,12.8,7,0,7,xgboost,7
6.9,0.29,0.4,19.45,0.043,36,156,0.9996,2.93,0.47,8.9,5,0,5,xgboost,5
7.3,0.19,0.27,13.9,0.057,45,155,0.99807,2.94,0.41,8.8,8,0,8,xgboost,8
7.1,0.21,0.28,2.7,0.034,23,111,0.99405,3.35,0.64,10.2,4,0,6,xgboost,6
7.9,0.26,0.33,10.3,0.039,73,212,0.9969,2.93,0.49,9.5,6,0,6,xgboost,6
7,0.17,0.36,6.4,0.055,42,123,0.99318,3.11,0.5,11,8,0,6,xgboost,6
7.3,0.39,0.37,1.1,0.043,36,113,0.991,3.39,0.48,12.7,8,0,6,xgboost,6
5.4,0.23,0.36,1.5,0.03,74,121,0.98976,3.24,0.99,12.1,7,0,7,xgboost,7
6.4,0.31,0.38,2.9,0.038,19,102,0.9912,3.17,0.35,11,7,0,6,xgboost,6
7.1,0.27,0.27,10.4,0.041,26,114,0.99335,3.04,0.52,11.5,7,0,6,xgboost,6
5.8,0.27,0.22,12.7,0.058,42,206,0.9946,3.32,0.38,12.3,6,0,6,xgboost,6
6.4,0.31,0.09,1.4,0.066,15,28,0.99459,3.42,0.7,10,7,1,6,xgboost,6
7.9,0.6,0.06,1.6,0.069,15,59,0.9964,3.3,0.46,9.4,5,1,5,xgboost,5
6.8,0.28,0.36,7,0.043,60,207,0.99556,3.16,0.49,9.6,6,0,5,xgboost,5
8.1,0.17,0.44,14.1,0.053,43,145,1.0006,3.28,0.75,8.8,8,0,6,xgboost,6
6.8,0.14,0.35,1.5,0.047,40,117,0.99111,3.07,0.72,11.1,6,0,6,xgboost,6
7.4,0.29,0.25,3.8,0.044,30,114,0.992,3.11,0.4,11,6,0,6,xgboost,6
7.8,0.44,0.28,2.7,0.1,18,95,0.9966,3.22,0.67,9.4,5,1,5,xgboost,5
9.3,0.36,0.39,1.5,0.08,41,55,0.99652,3.47,0.73,10.9,6,1,6,xgboost,6
6.4,0.28,0.45,8.6,0.057,47,223,0.99654,3.16,0.51,9.1,5,0,5,xgboost,5
5.6,0.24,0.34,2,0.041,14,73,0.98981,3.04,0.45,11.6,7,0,6,xgboost,6
6.1,0.32,0.24,1.5,0.036,38,124,0.9898,3.29,0.42,12.4,7,0,6,xgboost,6
6.4,0.24,0.29,11.4,0.051,32,166,0.9968,3.31,0.45,9.5,5,0,6,xgboost,6
7.1,0.52,0.03,2.6,0.076,21,92,0.99745,3.5,0.6,9.8,5,1,6,xgboost,6
7.7,0.29,0.29,4.8,0.06,27,156,0.99572,3.49,0.59,10.3,6,0,6,xgboost,6
6.7,0.24,0.32,9,0.023,20,109,0.99262,3.34,0.35,12.6,6,0,6,xgboost,6
8.7,0.41,0.41,6.2,0.078,25,42,0.9953,3.24,0.77,12.6,7,1,7,xgboost,7
8.1,0.67,0.55,1.8,0.117,32,141,0.9968,3.17,0.62,9.4,5,1,5,xgboost,5
7.1,0.39,0.3,9.9,0.037,29,124,0.99414,3.07,0.42,10.9,6,0,6,xgboost,6
7.6,0.345,0.26,1.9,0.043,15,134,0.9936,3.08,0.38,9.5,5,0,5,xgboost,5
7.6,0.3,0.22,10.2,0.049,57,191,0.9966,3.08,0.4,9.3,6,0,5,xgboost,5
12.4,0.35,0.49,2.6,0.079,27,69,0.9994,3.12,0.75,10.4,6,1,6,xgboost,6
6.6,0.45,0.43,7.2,0.064,31,186,0.9954,3.12,0.44,9.4,5,0,5,xgboost,5
7,0.31,0.39,7.5,0.055,42,218,0.99652,3.37,0.54,10.3,5,0,6,xgboost,6
6.5,0.13,0.27,2.6,0.035,32,76,0.9914,3.21,0.76,11.3333333333333,6,0,7,xgboost,7
8.6,0.37,0.65,6.4,0.08,3,8,0.99817,3.27,0.58,11,5,1,5,xgboost,5
7.3,0.48,0.32,2.1,0.062,31,54,0.99728000000000006,3.3,0.65,10,7,1,5,xgboost,5
8.1,0.24,0.32,10.5,0.03,34,105,0.99407,3.11,0.42,11.8,6,0,6,xgboost,6
6.3,0.34,0.33,4.6,0.034,19,80,0.9917,3.38,0.58,12,7,0,7,xgboost,7
7.6,0.39,0.46,11.7,0.084,55,170,0.99773,2.91,0.51,9,5,0,5,xgboost,5
6.9,0.38,0.25,9.8,0.04,28,191,0.9971,3.28,0.61,9.2,5,0,5,xgboost,5
6.4,0.24,0.26,8.2,0.054,47,182,0.99538,3.12,0.5,9.5,5,0,5,xgboost,5
9.4,0.59,0.14,2,0.084,25,48,0.9981,3.14,0.56,9.7,5,1,5,xgboost,5
7.5,0.38,0.5,12.8,0.042,57,184,0.9984,3.09,0.46,9,6,0,5,xgboost,5
9.4,0.16,0.3,1.4,0.042,26,176,0.9954,3.15,0.46,9.1,5,0,6,xgboost,6
8.8,0.23,0.74,3.2,0.042,15,126,0.9934,3.02,0.51,11.2,6,0,6,xgboost,6
6,0.28,0.27,15.5,0.036,31,134,0.99408,3.19,0.44,13,7,0,6,xgboost,6
5.8,0.29,0.21,2.6,0.025,12,120,0.9894,3.39,0.79,14,7,0,7,xgboost,7
6.6,0.26,0.22,18.15,0.05,23,139,0.99904,3.06,0.5,9.2,5,0,5,xgboost,5
7.6,0.19,0.41,1.1,0.04,38,143,0.9907,2.92,0.42,11.4,5,0,5,xgboost,5
6.8,0.26,0.29,11.9,0.052,54,160,0.99546,3.03,0.58,10.4,6,0,6,xgboost,6
5.7,0.41,0.21,1.9,0.048,30,112,0.99138,3.29,0.55,11.2,6,0,6,xgboost,6
8.8,0.61,0.19,4,0.094,30,69,0.99787,3.22,0.5,10,6,1,6,xgboost,6
7.7,0.34,0.58,11.1,0.039,41,151,0.9978,3.06,0.49,8.6,5,0,5,xgboost,5
6.8,0.26,0.4,7.5,0.046,45,179,0.99583,3.2,0.49,9.3,5,0,5,xgboost,5
6.7,0.54,0.13,2,0.076,15,36,0.9973,3.61,0.64,9.8,5,1,5,xgboost,5
11,0.3,0.58,2.1,0.054,7,19,0.998,3.31,0.88,10.5,7,1,6,xgboost,6
6.5,0.29,0.52,7.9,0.049,35,192,0.99551,3.16,0.51,9.5,6,0,5,xgboost,5
7,0.36,0.32,10.05,0.045,37,131,0.99352,3.09,0.33,11.7,8,0,8,xgboost,8
6.1,0.28,0.32,2.5,0.042,23,218.5,0.9935,3.27,0.6,9.8,5,0,6,xgboost,6
5.6,0.19,0.31,2.7,0.027,11,100,0.98964,3.46,0.4,13.2,7,0,7,xgboost,7
8.4,0.29,0.29,1.05,0.032,4,55,0.9908,2.91,0.32,11.4,4,0,5,xgboost,5
6.2,0.16,0.32,1.1,0.036,74,184,0.99096,3.22,0.41,11,6,0,6,xgboost,6
6.4,0.3,0.16,7.5,0.05,55,191,0.9959,3.17,0.49,9,5,0,5,xgboost,5
7.1,0.26,0.3,2,0.031,13,128,0.9917,3.19,0.49,11.4,5,0,5,xgboost,5
7,0.36,0.3,5,0.04,40,143,0.99173,3.33,0.42,12.2,7,0,6,xgboost,6
7.4,0.3,0.49,8.2,0.055,49,188,0.9974,3.52,0.58,9.7,6,0,6,xgboost,6
7.5,0.38,0.56,9.7,0.055,15,170,0.99605,3.13,0.65,9.9,6,0,5,xgboost,5
6.4,0.37,0.37,4.85,0.041,39.5,216.5,0.99432,3.1,0.5,9.8,6,0,5,xgboost,5
6.8,0.59,0.06,6,0.06,11,18,0.9962,3.41,0.59,10.8,7,1,7,xgboost,7
7.1,0.47,0.24,6,0.044,11,77,0.9956,3.21,0.56,9.7,5,0,5,xgboost,5
6.2,0.27,0.32,8.8,0.047,65,224,0.9961,3.17,0.47,8.9,5,0,5,xgboost,5
6.6,0.27,0.33,1.4,0.042,24,183,0.99215,3.29,0.46,10.7,5,0,5,xgboost,5
7.4,0.31,0.74,10.7,0.039,51,147,0.9977,3.02,0.43,8.7,5,0,5,xgboost,5
8.9,0.75,0.14,2.5,0.086,9,30,0.99824,3.34,0.64,10.5,5,1,6,xgboost,6
8.8,0.4,0.4,2.2,0.079,19,52,0.998,3.44,0.64,9.2,5,1,5,xgboost,5
12.8,0.3,0.74,2.6,0.095,9,28,0.9994,3.2,0.77,10.8,7,1,7,xgboost,7
7,0.6,0.3,4.5,0.068,20,110,0.99914,3.3,1.17,10.2,5,1,5,xgboost,5
6.5,0.13,0.37,1,0.036,48,114,0.9911,3.41,0.51,11.5,8,0,6,xgboost,6
7.3,0.365,0.49,2.5,0.088,39,106,0.9966,3.36,0.78,11,5,1,5,xgboost,5
6.8,0.24,0.4,1.8,0.047,34,105,0.99,3.13,0.49,12.8,8,0,6,xgboost,6
6.8,0.18,0.28,9.8,0.039,29,113,0.99406,3.11,0.45,10.9,7,0,7,xgboost,7
9.8,0.45,0.38,2.5,0.081,34,66,0.99726,3.15,0.58,9.8,5,1,5,xgboost,5
12.5,0.56,0.49,2.4,0.064,5,27,0.9999,3.08,0.87,10.9,5,1,6,xgboost,6
7.5,0.33,0.28,4.9,0.042,21,155,0.99385,3.36,0.57,10.9,6,0,6,xgboost,6
6,0.27,0.31,5,0.043,54,170,0.9924,3.28,0.52,11,6,0,6,xgboost,6
6.7,0.12,0.3,5.2,0.048,38,113,0.99352,3.33,0.44,10.1,7,0,6,xgboost,6
6.9,0.4,0.17,12.9,0.033,59,186,0.99754,3.08,0.49,9.4,5,0,5,xgboost,5
6.7,0.27,0.31,15.7,0.036,44,179,0.9979,3.26,0.56,9.6,5,0,6,xgboost,6
7.9,0.43,0.21,1.6,0.106,10,37,0.9966,3.17,0.91,9.5,5,1,5,xgboost,5
6.6,0.24,0.27,15.8,0.035,46,188,0.9982,3.24,0.51,9.2,5,0,5,xgboost,5
5.6,0.295,0.26,1.1,0.035,40,102,0.99154,3.47,0.56,10.6,6,0,6,xgboost,6
7.5,0.42,0.2,1.4,0.06,15,168,0.9944,3.06,0.4,9.4,6,0,5,xgboost,5
6.3,0.17,0.32,1,0.04,39,118,0.98886,3.31,0.4,13.1,8,0,7,xgboost,7
10.6,1.02,0.43,2.9,0.076,26,88,0.9984,3.08,0.57,10.1,6,1,5,xgboost,5
7.3,0.25,0.26,7.2,0.048,52,207,0.99587,3.12,0.37,9.2,5,0,5,xgboost,5
7.5,0.22,0.29,4.8,0.05,33,87,0.994,3.14,0.42,9.9,5,0,6,xgboost,6
5.9,0.15,0.31,5.8,0.041,53,155,0.9945,3.52,0.46,10.5,6,0,6,xgboost,6
7.2,0.23,0.25,18.8,0.085,19,111,1.00044,3.1,0.51,8.7,5,0,5,xgboost,5
6.6,0.25,0.32,5.6,0.039,15,68,0.99163,2.96,0.52,11.1,6,0,6,xgboost,6
9.5,0.59,0.44,2.3,0.071,21,68,0.9992,3.46,0.63,9.5,5,1,5,xgboost,5
6.8,0.24,0.38,8.3,0.045,50,185,0.99578,3.15,0.5,9.5,6,0,5,xgboost,5
6.7,0.26,0.49,8.3,0.047,54,191,0.9954,3.23,0.4,10.3,6,0,6,xgboost,6
5.2,0.37,0.33,1.2,0.028,13,81,0.9902,3.37,0.38,11.7,6,0,6,xgboost,6
12.4,0.42,0.49,4.6,0.073,19,43,0.9978,3.02,0.61,9.5,5,1,6,xgboost,6
8.3,0.2,0.49,1.7,0.04,34,169,0.9938,3.05,0.37,10.1,5,0,5,xgboost,5
6.3,0.22,0.3,2,0.05,23,120,0.99204,3.24,0.47,10.4,6,0,6,xgboost,6
6.5,0.33,0.72,1.1,0.061,7,151,0.993,3.09,0.57,9.5,4,0,5,xgboost,5
6.5,0.17,0.31,1.5,0.041,34,121,0.99092,3.06,0.46,10.5,6,0,6,xgboost,6
8.3,0.28,0.27,17.5,0.045,48,253,1.00014,3.02,0.56,9.1,6,0,6,xgboost,6
6.7,0.67,0.02,1.9,0.061,26,42,0.99489,3.39,0.82,10.9,6,1,6,xgboost,6
6.5,0.885,0,2.3,0.166,6,12,0.99551,3.56,0.51,10.8,5,1,5,xgboost,5
8.5,0.16,0.33,1,0.076,17,57,0.9921,3.14,0.46,10.6,6,0,6,xgboost,6
5.7,0.25,0.27,10.8,0.05,58,116,0.99592,3.1,0.5,9.8,6,0,6,xgboost,6
5.7,0.28,0.3,3.9,0.026,36,105,0.98963,3.26,0.58,12.75,6,0,6,xgboost,6
7.7,0.32,0.62,10.6,0.036,56,153,0.9978,3.13,0.44,8.9,6,0,5,xgboost,5
11.6,0.41,0.58,2.8,0.096,25,101,1.00024,3.13,0.53,10,5,1,5,xgboost,5
8.8,0.47,0.49,2.9,0.085,17,110,0.9982,3.29,0.6,9.8,5,1,5,xgboost,5
8.5,0.47,0.27,1.9,0.058,18,38,0.99518,3.16,0.85,11.1,6,1,6,xgboost,6
7,0.26,0.46,15.55,0.037,61,171,0.9986,2.94,0.35,8.8,6,0,5,xgboost,5
5.8,0.13,0.22,12.7,0.058,24,183,0.9956,3.32,0.42,11.7,6,0,6,xgboost,6
8.6,0.725,0.24,6.6,0.117,31,134,1.0014,3.32,1.07,9.3,5,1,5,xgboost,5
6.8,0.56,0.22,1.8,0.074,15,24,0.99438,3.4,0.82,11.2,6,1,6,xgboost,6
5.8,0.32,0.38,4.75,0.033,23,94,0.991,3.42,0.42,11.8,7,0,7,xgboost,7
8.3,0.42,0.62,19.25,0.04,41,172,1.0002,2.98,0.67,9.7,5,0,5,xgboost,5
7,0.24,0.24,1.8,0.047,29,91,0.99251,3.3,0.43,9.9,6,0,6,xgboost,6
6.5,0.9,0,1.6,0.052,9,17,0.99467,3.5,0.63,10.9,6,1,6,xgboost,6
8,0.6,0.22,2.1,0.08,25,105,0.99613,3.3,0.49,9.9,5,1,5,xgboost,5
6.4,0.795,0,2.2,0.065,28,52,0.99378,3.49,0.52,11.6,5,1,6,xgboost,6
11.5,0.3,0.6,2,0.067,12,27,0.9981,3.11,0.97,10.1,6,1,6,xgboost,6
7.3,0.41,0.29,1.8,0.032,26,74,0.98889,2.96,0.35,13,8,0,6,xgboost,6
5.2,0.38,0.26,7.7,0.053,20,103,0.9925,3.27,0.45,12.2,6,0,6,xgboost,6
6.3,0.2,0.26,4.7,0.04,108,168,0.99278,3.07,0.75,10.7,7,0,6,xgboost,6
6.9,0.25,0.35,9.2,0.034,42,150,0.9947,3.21,0.36,11.5,6,0,6,xgboost,6
7.3,0.35,0.24,2,0.067,28,48,0.99576,3.43,0.54,10,4,1,5,xgboost,5
8.3,0.14,0.36,8.8,0.026,13,60,0.9956,3.13,0.35,11.05,5,0,6,xgboost,6
7,0.16,0.25,14.3,0.044,27,149,0.998,2.91,0.46,9.2,6,0,6,xgboost,6
6.3,0.25,0.23,14.9,0.039,47,142,0.99705,3.14,0.35,9.7,6,0,6,xgboost,6
9.6,0.21,0.28,1.2,0.038,12,53,0.9926,2.8,0.46,10.6,5,0,5,xgboost,5
6.9,0.24,0.37,6.1,0.027,38,112,0.99086,3.19,0.34,12.4,6,0,6,xgboost,6
11.5,0.42,0.48,2.6,0.077,8,20,0.99852,3.09,0.53,11,5,1,6,xgboost,6
9.8,0.34,0.39,1.4,0.066,3,7,0.9947,3.19,0.55,11.4,7,1,7,xgboost,7
7.3,0.45,0.36,5.9,0.074,12,87,0.9978,3.33,0.83,10.5,5,1,5,xgboost,5
10.4,0.24,0.46,1.8,0.075,6,21,0.9976,3.25,1.02,10.8,7,1,6,xgboost,6
6.7,0.24,0.37,11.3,0.043,64,173,0.99632,3.08,0.53,9.9,6,0,6,xgboost,6
7.4,0.25,0.37,13.5,0.06,52,192,0.9975,3,0.44,9.1,5,0,5,xgboost,5
7.2,0.31,0.5,13.3,0.056,68,195,0.9982,3.01,0.47,9.2,5,0,5,xgboost,5
8.1,0.34,0.28,7.5,0.04,70,230,0.99558,3.14,0.55,9.8,6,0,6,xgboost,6
8,0.45,0.28,10.8,0.051,25,157,0.9957,3.06,0.47,11.4,7,0,6,xgboost,6
4.9,0.335,0.14,1.3,0.036,69,168,0.99212,3.47,0.46,10.4666666666667,5,0,5,xgboost,5
5.8,0.275,0.3,5.4,0.043,41,149,0.9926,3.33,0.42,10.8,7,0,6,xgboost,6
11.6,0.475,0.4,1.4,0.091,6,28,0.99704,3.07,0.65,10.0333333333333,6,1,6,xgboost,6
5.6,0.26,0.18,1.4,0.034,18,135,0.99174,3.32,0.35,10.2,6,0,6,xgboost,6
5.8,0.19,0.24,1.3,0.044,38,128,0.99362,3.77,0.6,10.6,5,0,6,xgboost,6
7.8,0.6,0.26,2,0.08,31,131,0.99622,3.21,0.52,9.9,5,1,5,xgboost,5
6.9,0.44,0.42,8.5,0.048,10,147,0.9974,3.32,0.46,9.5,6,0,6,xgboost,6
6.9,0.28,0.37,9.1,0.037,16,76,0.9948,3.05,0.54,11.1,5,0,5,xgboost,5
8.2,0.7,0.23,2,0.099,14,81,0.9973,3.19,0.7,9.4,5,1,5,xgboost,5
6.8,0.34,0.36,8.9,0.029,44,128,0.99318,3.28,0.35,11.95,7,0,6,xgboost,6
6.2,0.25,0.42,8,0.049,53,206,0.99586,3.16,0.47,9.1,6,0,5,xgboost,5
6.6,0.26,0.38,6.5,0.17,68,201,0.9956,3.19,0.38,9.4,6,0,5,xgboost,5
6.9,0.27,0.4,14,0.05,64,227,0.9979,3.18,0.58,9.6,6,0,6,xgboost,6
9.4,0.23,0.56,16.45,0.063,52.5,282,1.00098,3.1,0.51,9.3,5,0,6,xgboost,6
7.4,0.16,0.32,1.4,0.065,23,140,0.99134,3.06,0.47,11.4,6,0,6,xgboost,6
6.6,0.26,0.56,15.4,0.053,32,141,0.9981,3.11,0.49,9.3,5,0,5,xgboost,5
10.2,0.29,0.49,2.6,0.059,5,13,0.9976,3.05,0.74,10.5,7,1,6,xgboost,6
7,0.2,0.49,5.9,0.038,39,128,0.9938,3.21,0.48,10.8,6,0,6,xgboost,6
8.8,0.19,0.3,5,0.028,34,120,0.99242,2.94,0.47,11.2,5,0,6,xgboost,6
6.9,0.2,0.36,1.5,0.031,38,147,0.9931,3.35,0.56,11,6,0,6,xgboost,6
8.1,0.12,0.49,1.2,0.042,43,160,0.9934,3.13,0.48,9.7,6,0,6,xgboost,6
6.5,0.32,0.45,7.7,0.022,31,97,0.99134,3.2,0.7,12.7,7,0,6,xgboost,6
6.6,0.695,0,2.1,0.075,12,56,0.9968,3.49,0.67,9.2,5,1,5,xgboost,5
6.6,0.56,0.15,10,0.037,38,157,0.99642,3.28,0.52,9.4,5,0,5,xgboost,5
7.8,0.15,0.34,1.1,0.035,31,93,0.99096,3.07,0.72,11.3,7,0,6,xgboost,6
7.6,0.48,0.28,10.4,0.049,57,205,0.99748,3.24,0.45,9.3,5,0,5,xgboost,5
7.8,0.735,0.08,2.4,0.092,10,41,0.9974,3.24,0.71,9.8,6,1,5,xgboost,5
10.2,0.44,0.42,2,0.071,7,20,0.99566,3.14,0.79,11.1,7,1,6,xgboost,6
8.2,0.64,0.27,2,0.095,5,77,0.99747,3.13,0.62,9.1,6,1,6,xgboost,6
7.5,0.24,0.31,13.1,0.05,26,180,0.99884,3.05,0.53,9.1,6,0,6,xgboost,6
7.8,0.645,0,5.5,0.086,5,18,0.9986,3.4,0.55,9.6,6,1,5,xgboost,5
6.4,0.21,0.5,11.6,0.042,45,153,0.9972,3.15,0.43,8.8,5,0,6,xgboost,6
8.2,0.34,0.37,1.9,0.057,43,74,0.99408,3.23,0.81,12,6,1,7,xgboost,7
6.9,0.19,0.31,19.25,0.043,38,167,0.99954,2.93,0.52,9.1,7,0,6,xgboost,6
7.1,0.44,0.23,5.8,0.035,24,100,0.99062,3.15,0.57,13.2,7,0,7,xgboost,7
7.5,0.24,0.31,13.1,0.05,26,180,0.99884,3.05,0.53,9.1,6,0,6,xgboost,6
6.7,0.265,0.22,8.6,0.048,54,198,0.9955,3.25,0.41,10.2,5,0,6,xgboost,6
6.9,0.25,0.24,1.8,0.053,6,121,0.993,3.23,0.7,11.4,5,0,6,xgboost,6
10.4,0.64,0.24,2.8,0.105,29,53,0.9998,3.24,0.67,9.9,5,1,5,xgboost,5
6.1,0.26,0.28,1.7,0.043,24,98,0.98918,3.14,0.44,12.5,6,0,6,xgboost,6
11.5,0.18,0.51,4,0.104,4,23,0.9996,3.28,0.97,10.1,6,1,6,xgboost,6
6.6,0.36,0.24,0.9,0.038,15,72,0.99066,3.23,0.39,11,5,0,6,xgboost,6
7.1,0.69,0.08,2.1,0.063,42,52,0.99608,3.42,0.6,10.2,6,1,5,xgboost,5
7.5,0.65,0.18,7,0.088,27,94,0.99915,3.38,0.77,9.4,5,1,5,xgboost,5
7.9,0.33,0.23,1.7,0.077,18,45,0.99625,3.29,0.65,9.3,5,1,6,xgboost,6
7.7,1.005,0.15,2.1,0.102,11,32,0.99604,3.23,0.48,10,5,1,5,xgboost,5
7.3,0.91,0.1,1.8,0.074,20,56,0.99672,3.35,0.56,9.2,5,1,5,xgboost,5
6.8,0.19,0.4,9.85,0.055,41,103,0.99532,2.98,0.56,10.5,6,0,6,xgboost,6
6.7,0.14,0.46,1.6,0.036,15,92,0.99264,3.37,0.49,10.9,5,0,6,xgboost,6
7.4,0.21,0.3,7.9,0.039,14,118,0.9942,2.96,0.34,10.4,5,0,6,xgboost,6
6.6,0.815,0.02,2.7,0.072,17,34,0.9955,3.58,0.89,12.3,7,1,6,xgboost,6
6.5,0.32,0.12,11.5,0.033,35,165,0.9974,3.22,0.32,9,5,0,5,xgboost,5
7,0.12,0.19,4.9,0.055,27,127,0.9953,3.29,0.41,9.4,5,0,6,xgboost,6
7.2,0.46,0.65,10.4,0.05,76,192,0.9976,3.16,0.42,8.7,5,0,5,xgboost,5
6.6,0.38,0.15,4.6,0.044,25,78,0.9931,3.11,0.38,10.2,6,0,6,xgboost,6
7.5,0.33,0.38,8.7,0.126,49,199,0.99711,2.98,0.57,9.4,5,0,5,xgboost,5
8.6,0.49,0.28,1.9,0.11,20,136,0.9972,2.93,1.95,9.9,6,1,5,xgboost,5
8.8,0.685,0.26,1.6,0.088,16,23,0.99694,3.32,0.47,9.4,5,1,5,xgboost,5
7.4,0.24,0.42,14,0.066,48,198,0.9979,2.89,0.42,8.9,6,0,6,xgboost,6
6.8,0.32,0.18,7.5,0.041,71,223,0.9959,3.14,0.41,8.9,5,0,5,xgboost,5
12,0.5,0.59,1.4,0.073,23,42,0.998,2.92,0.68,10.5,7,1,6,xgboost,6
6.6,0.18,0.28,3.3,0.044,18,91,0.993,3.42,0.64,10.8,6,0,6,xgboost,6
6.5,0.48,0.02,0.9,0.043,32,99,0.99226,3.14,0.47,9.8,4,0,5,xgboost,5
6.1,0.32,0.24,1.5,0.036,38,124,0.9898,3.29,0.42,12.4,7,0,6,xgboost,6
7.1,0.18,0.36,1.4,0.043,31,87,0.9898,3.26,0.37,12.7,7,0,6,xgboost,6
8.3,0.16,0.48,1.7,0.057,31,98,0.9943,3.15,0.41,10.3,6,0,6,xgboost,6
6.4,0.25,0.57,1,0.062,21,122,0.99238,3,0.4,9.5,5,0,5,xgboost,5
6.1,0.255,0.44,12.3,0.045,53,197,0.9967,3.24,0.54,9.5,6,0,6,xgboost,6
7,0.32,0.31,6.4,0.031,38,115,0.99235,3.38,0.58,12.2,7,0,7,xgboost,7
7.7,0.96,0.2,2,0.047,15,60,0.9955,3.36,0.44,10.9,5,1,5,xgboost,5
7.2,0.24,0.28,1.9,0.032,30,92,0.9914,3.1,0.39,10.9,6,0,7,xgboost,7
6.6,0.32,0.36,8,0.047,57,168,0.9949,3.15,0.46,9.6,5,0,5,xgboost,5
6.8,0.27,0.3,13,0.047,69,160,0.99705,3.16,0.5,9.6,6,0,6,xgboost,6
7.8,0.27,0.34,1.6,0.046,27,154,0.9927,3.05,0.45,10.5,6,0,6,xgboost,6
7.5,0.41,0.15,3.7,0.104,29,94,0.99786,3.14,0.58,9.1,5,1,5,xgboost,5
6,0.32,0.3,1.9,0.033,41,142,0.98912,3.29,0.42,12.8,7,0,7,xgboost,7
7.1,0.85,0.49,8.7,0.028,40,184,0.9962,3.22,0.36,10.7,5,0,5,xgboost,5
5.4,0.22,0.35,6.5,0.029,26,87,0.99092,3.29,0.44,12.5,7,0,6,xgboost,6
6.3,0.2,0.26,1.6,0.027,36,141,0.99268,3.53,0.56,10.8,6,0,6,xgboost,6
7.3,0.32,0.48,13.3,0.06,57,196,0.9982,3.04,0.5,9.2,5,0,5,xgboost,5
7.6,0.25,0.34,1.3,0.056,34,176,0.99434,3.1,0.51,9.5,5,0,5,xgboost,5
7.7,0.18,0.35,5.8,0.055,25,144,0.99576,3.24,0.54,10.2,6,0,6,xgboost,6
7.6,0.28,0.39,1.9,0.052,23,116,0.9941,3.25,0.4,10.4,6,0,5,xgboost,5
5.4,0.46,0.15,2.1,0.026,29,130,0.98953,3.39,0.77,13.4,8,0,8,xgboost,8
6.9,0.58,0.58,8.2,0.032,29,169,0.99275,3.28,0.44,12.2,6,0,6,xgboost,6
7.9,0.21,0.4,1.2,0.039,38,107,0.992,3.21,0.54,10.8,6,0,6,xgboost,6
6.6,0.4,0.32,1.7,0.035,39,84,0.99096,3.59,0.48,12.7,7,0,7,xgboost,7
5.7,0.25,0.32,12.2,0.041,43,127,0.99524,3.23,0.53,10.4,7,0,6,xgboost,6
5.6,0.5,0.09,2.3,0.049,17,99,0.9937,3.63,0.63,13,5,1,5,xgboost,5
6.6,0.29,0.39,6.75,0.031,22,98,0.9913,3.15,0.8,12.9,7,0,7,xgboost,7
6,0.41,0.23,1.1,0.066,22,148,0.99266,3.3,0.47,9.63333333333333,5,0,6,xgboost,6
7.2,0.27,0.28,15.2,0.046,6,41,0.99665,3.17,0.39,10.9,6,0,6,xgboost,6
6.5,0.32,0.23,8.5,0.051,20,138,0.9943,3.03,0.42,10.7,5,0,6,xgboost,6
7.9,0.33,0.28,31.6,0.053,35,176,1.0103,3.15,0.38,8.8,6,0,6,xgboost,6
7.7,0.58,0.01,1.8,0.088,12,18,0.99568,3.32,0.56,10.5,7,1,6,xgboost,6
5.6,0.15,0.31,5.3,0.038,8,79,0.9923,3.3,0.39,10.5,6,0,6,xgboost,6
6.7,0.17,0.5,2.1,0.043,27,122,0.9923,3.15,0.45,10.3,6,0,6,xgboost,6
7.3,0.36,0.62,7.1,0.033,48,185,0.99472,3.14,0.62,10.6,6,0,6,xgboost,6
8,0.34,0.49,9,0.033,39,180,0.9936,3.13,0.38,12.3,8,0,7,xgboost,7
5.9,0.26,0.3,1,0.036,38,114,0.9928,3.58,0.48,9.4,5,0,6,xgboost,6
8.1,0.26,0.27,4.3,0.03,43,123,0.99212,3.16,0.33,11.2,6,0,6,xgboost,6
7,0.53,0.02,1,0.036,39,107,0.993,3.2,0.32,9,5,0,4,xgboost,4
5.9,0.37,0.32,1.6,0.029,41,102,0.98916,3.41,0.55,12.7,7,0,7,xgboost,7
5.6,0.35,0.14,5,0.046,48,198,0.9937,3.3,0.71,10.3,5,0,5,xgboost,5
6.3,0.34,0.28,14.7,0.047,49,198,0.9977,3.23,0.46,9.5,5,0,5,xgboost,5
8,0.52,0.25,2,0.078,19,59,0.99612,3.3,0.48,10.2,5,1,5,xgboost,5
7.7,0.57,0.21,1.5,0.069,4,9,0.99458,3.16,0.54,9.8,6,1,5,xgboost,5
5.2,0.34,0.37,6.2,0.031,42,133,0.99076,3.25,0.41,12.5,6,0,6,xgboost,6
8,0.57,0.39,3.9,0.034,22,122,0.9917,3.29,0.67,12.8,7,0,6,xgboost,6
9.8,0.42,0.48,9.85,0.034,5,110,0.9958,2.87,0.29,10,5,0,6,xgboost,6
6.7,0.24,0.26,5.4,0.03,15,94,0.99045,3.15,0.38,12.7,6,0,7,xgboost,7
7.4,0.49,0.27,2.1,0.071,14,25,0.99388,3.35,0.63,12,6,1,6,xgboost,6
5.9,0.655,0,5.6,0.033,8,31,0.9936,3.32,0.51,10.5,4,0,5,xgboost,5
6.2,0.28,0.51,7.9,0.056,49,206,0.9956,3.18,0.52,9.4,5,0,5,xgboost,5
8.3,0.21,0.49,19.8,0.054,50,231,1.0012,2.99,0.54,9.2,5,0,6,xgboost,6
6.7,0.675,0.07,2.4,0.089,17,82,0.9958,3.35,0.54,10.1,5,1,5,xgboost,5
6.7,0.31,0.32,14.5,0.038,6,79,0.99412,3.14,0.34,12.5,5,0,6,xgboost,6
6.6,0.34,0.18,6.4,0.082,47,240,0.9971,3.42,0.48,9.2,5,0,5,xgboost,5
8.3,0.28,0.48,2.1,0.093,6,12,0.99408,3.26,0.62,12.4,7,1,7,xgboost,7
5.7,0.21,0.24,2.3,0.047,60,189,0.995,3.65,0.72,10.1,6,0,6,xgboost,6
8.6,0.26,0.41,2.2,0.049,29,111,0.9941,2.96,0.44,10,5,0,6,xgboost,6
6.8,0.25,0.24,1.6,0.045,39,164,0.99402,3.53,0.58,10.8,5,0,6,xgboost,6
6.9,0.19,0.35,13.5,0.038,49,118,0.99546,3,0.63,10.7,6,0,6,xgboost,6
7.7,0.39,0.3,5.2,0.037,29,131,0.9943,3.38,0.44,11,6,0,7,xgboost,7
6.1,0.34,0.24,18.35,0.05,33,184,0.99943,3.12,0.61,9.3,5,0,5,xgboost,5
7.6,0.39,0.31,2.3,0.082,23,71,0.9982,3.52,0.65,9.7,5,1,6,xgboost,6
6.3,0.34,0.31,6,0.02,18,68,0.98981,3.22,0.29,13.4,7,0,7,xgboost,7
6.4,0.41,0.01,6.1,0.048,20,70,0.99362,3.19,0.42,10,5,0,5,xgboost,5
7.3,0.28,0.36,12.7,0.04,38,140,0.998,3.3,0.79,9.6,6,0,6,xgboost,6
